Firstname,Lastname,Password,Username,OU
Aletha,Adkins,aF7ohzie,aadkins,"OU=IT,OU=Group Policy OU,DC=pompeii15,DC=net"
Alfred,Agan,eya1aeDa,aagan,"OU=IT,OU=Group Policy OU,DC=pompeii15,DC=net"
Alana,Alter,ez2Johghoh,aalter,"OU=IT,OU=Group Policy OU,DC=pompeii15,DC=net"
Amy,Amos,Ai4chiehe,aamos,"OU=IT,OU=Group Policy OU,DC=pompeii15,DC=net"
Albert,Aranda,ai4Ooj9ooJ,aaranda,"OU=IT,OU=Group Policy OU,DC=pompeii15,DC=net"
Arthur,Ashworth,bie9see6ooY7,aashworth,"OU=IT,OU=Group Policy OU,DC=pompeii15,DC=net"
Angela,Bailey,NouJaeRah8,abailey,"OU=IT,OU=Group Policy OU,DC=pompeii15,DC=net"
Amanda,Bettis,UZis3ein7aW,abettis,"OU=IT,OU=Group Policy OU,DC=pompeii15,DC=net"
Amy,Blas,Aidailie0ee,ablas,"OU=IT,OU=Group Policy OU,DC=pompeii15,DC=net"
Amber,Boyd,thi1Laew,aboyd,"OU=IT,OU=Group Policy OU,DC=pompeii15,DC=net"
Amanda,Brown,hiengei8J,abrown,"OU=IT,OU=Group Policy OU,DC=pompeii15,DC=net"
Ariel,Carmichael,Au1sichae5ah,acarmichae,"OU=IT,OU=Group Policy OU,DC=pompeii15,DC=net"
Alfred,"COU=HR,OU=Group Policy OU,DC=pompeii15,DC=netistensen",Au4eev5weiy,"acOU=HR,OU=Group Policy OU,DC=pompeii15,DC=netistens","OU=IT,OU=Group Policy OU,DC=pompeii15,DC=net"
"AnOU=IT,OU=Group Policy OU,DC=pompeii15,DC=neta",Colley,chohP8ooVae,acolley,"OU=IT,OU=Group Policy OU,DC=pompeii15,DC=net"
Aaron,Crozier,"phoH5xuOU=IT,OU=Group Policy OU,DC=pompeii15,DC=netee",acrozier,"OU=IT,OU=Group Policy OU,DC=pompeii15,DC=net"
Anna,Duguay,Doon7Ooquo6,aduguay,"OU=IT,OU=Group Policy OU,DC=pompeii15,DC=net"
"AnOU=IT,OU=Group Policy OU,DC=pompeii15,DC=neta",Edgell,Sephapha6,aedgell,"OU=IT,OU=Group Policy OU,DC=pompeii15,DC=net"
Anthony,Ferrell,aa0ohj8Th,aferrell,"OU=IT,OU=Group Policy OU,DC=pompeii15,DC=net"
Andrew,Flowers,texu6Oob3D,aflowers,"OU=IT,OU=Group Policy OU,DC=pompeii15,DC=net"
Alicia,Ford,hahVoo7i,aford,"OU=IT,OU=Group Policy OU,DC=pompeii15,DC=net"
Andrew,Franklin,Chie4fia,afranklin,"OU=IT,OU=Group Policy OU,DC=pompeii15,DC=net"
Angel,Galloway,Ietivur1aim,agalloway,"OU=IT,OU=Group Policy OU,DC=pompeii15,DC=net"
Ashley,Graham,be7thaeGh0,agraham,"OU=IT,OU=Group Policy OU,DC=pompeii15,DC=net"
Ashley,Hackler,aegohDong2O,ahackler,"OU=IT,OU=Group Policy OU,DC=pompeii15,DC=net"
Angela,Hall,po8Iech1No,ahall,"OU=IT,OU=Group Policy OU,DC=pompeii15,DC=net"
Alexis,Halpern,quoo6Fei7io,ahalpern,"OU=IT,OU=Group Policy OU,DC=pompeii15,DC=net"
Allen,Haner,Nishohp4sh,ahaner,"OU=IT,OU=Group Policy OU,DC=pompeii15,DC=net"
Angelina,Hardesty,shoos3eiVo,ahardesty,"OU=IT,OU=Group Policy OU,DC=pompeii15,DC=net"
"AnOU=IT,OU=Group Policy OU,DC=pompeii15,DC=neta",Harris,kei0Keij8,aharris,"OU=IT,OU=Group Policy OU,DC=pompeii15,DC=net"
Angelo,Herrera,Baow8xieG,aherrera,"OU=IT,OU=Group Policy OU,DC=pompeii15,DC=net"
Allison,Hise,"OU=IT,OU=Group Policy OU,DC=pompeii15,DC=neth9EW7K",ahise,"OU=IT,OU=Group Policy OU,DC=pompeii15,DC=net"
"AnOU=IT,OU=Group Policy OU,DC=pompeii15,DC=neta",Hopper,aeF1ohyezoh,ahopper,"OU=IT,OU=Group Policy OU,DC=pompeii15,DC=net"
Andrew,Jaquez,Mee5Gohz0,ajaquez,"OU=IT,OU=Group Policy OU,DC=pompeii15,DC=net"
Angela,Johnson,eu2ZiFeech,ajohnson,"OU=IT,OU=Group Policy OU,DC=pompeii15,DC=net"
Agnes,Leininger,pheequeiy3Ph,aleininger,"OU=IT,OU=Group Policy OU,DC=pompeii15,DC=net"
Amanda,Lindquist,eDeij9vooke,alindquist,"OU=IT,OU=Group Policy OU,DC=pompeii15,DC=net"
Anthony,McAlister,aiyooNg6Oh,amcalister,"OU=IT,OU=Group Policy OU,DC=pompeii15,DC=net"
Allen,McIntyre,ee8seeQuah,amcintyre,"OU=IT,OU=Group Policy OU,DC=pompeii15,DC=net"
Anthony,Mills,Cae0li0ki5L,amills,"OU=IT,OU=Group Policy OU,DC=pompeii15,DC=net"
Anna,Moreland,aiV0iengieyo,amoreland,"OU=IT,OU=Group Policy OU,DC=pompeii15,DC=net"
Alice,Neal,OoShee9wie,aneal,"OU=IT,OU=Group Policy OU,DC=pompeii15,DC=net"
Antonio,Nelson,hu3oochieTh,anelson,"OU=IT,OU=Group Policy OU,DC=pompeii15,DC=net"
Audrey,Nichols,kooj6queeHee,anichols,"OU=IT,OU=Group Policy OU,DC=pompeii15,DC=net"
Ada,Park,EeKie6Qua,apark,"OU=IT,OU=Group Policy OU,DC=pompeii15,DC=net"
Arthur,Pascual,oot4EiGai,apascual,"OU=IT,OU=Group Policy OU,DC=pompeii15,DC=net"
Andrew,Paul,Voh8Aac2nee,apaul,"OU=IT,OU=Group Policy OU,DC=pompeii15,DC=net"
Alissa,Pope,ohy6aThoojuy,apope,"OU=IT,OU=Group Policy OU,DC=pompeii15,DC=net"
Adam,Rank,lahTh9ung,arank,"OU=IT,OU=Group Policy OU,DC=pompeii15,DC=net"
Anna,Riley,QuahK6ohk,ariley,"OU=IT,OU=Group Policy OU,DC=pompeii15,DC=net"
Anne,Ruffin,Ahk9hai5Ui8,aruffin,"OU=IT,OU=Group Policy OU,DC=pompeii15,DC=net"
Agustin,Schneider,GahV5xahd8xee,aschneider,"OU=IT,OU=Group Policy OU,DC=pompeii15,DC=net"
Anna,Shaw,Ahgav3och3ah,ashaw,"OU=IT,OU=Group Policy OU,DC=pompeii15,DC=net"
Ana,Slayton,Ohphe1fiequ,aslayton,"OU=IT,OU=Group Policy OU,DC=pompeii15,DC=net"
Armando,Spangler,uYah9Viek0u,aspangler,"OU=IT,OU=Group Policy OU,DC=pompeii15,DC=net"
Angelia,Sprouse,AhMe8sahch,asprouse,"OU=IT,OU=Group Policy OU,DC=pompeii15,DC=net"
Aaron,Stamper,Ao6ou4ahTiu,astamper,"OU=IT,OU=Group Policy OU,DC=pompeii15,DC=net"
Aaron,Stradley,aeBoi2ou,astradley,"OU=IT,OU=Group Policy OU,DC=pompeii15,DC=net"
Anne,Stromberg,xahth7Ow7,astromberg,"OU=IT,OU=Group Policy OU,DC=pompeii15,DC=net"
Amy,Torres,Iewe3aen,atorres,"OU=IT,OU=Group Policy OU,DC=pompeii15,DC=net"
Angela,Tyler,Eexaequ8Yie,atyler,"OU=IT,OU=Group Policy OU,DC=pompeii15,DC=net"
Albert,Velazquez,Queeth6uo,avelazquez,"OU=IT,OU=Group Policy OU,DC=pompeii15,DC=net"
Albert,Vidrine,ooxahQu9,avidrine,"OU=IT,OU=Group Policy OU,DC=pompeii15,DC=net"
Andrew,"WhOU=IT,OU=Group Policy OU,DC=pompeii15,DC=nete",zeigoe6ouK0,"awhOU=IT,OU=Group Policy OU,DC=pompeii15,DC=nete","OU=IT,OU=Group Policy OU,DC=pompeii15,DC=net"
Amy,Yoder,Shopeipha9,ayoder,"OU=IT,OU=Group Policy OU,DC=pompeii15,DC=net"
Bertha,Agan,Oogh0iG3Eiqu,bagan,"OU=IT,OU=Group Policy OU,DC=pompeii15,DC=net"
Brenda,Ammons,Vimair7ab7,bammons,"OU=IT,OU=Group Policy OU,DC=pompeii15,DC=net"
Brandon,Baker,oone5theL,bbaker,"OU=IT,OU=Group Policy OU,DC=pompeii15,DC=net"
Betty,Bowden,Ogh5Ziepie,bbowden,"OU=IT,OU=Group Policy OU,DC=pompeii15,DC=net"
Bobbie,Brink,eiDeequ0,bbrink,"OU=IT,OU=Group Policy OU,DC=pompeii15,DC=net"
Bart,Buie,vuu9Gevoo,bbuie,"OU=IT,OU=Group Policy OU,DC=pompeii15,DC=net"
Brenton,Carter,Ata5Thee4aeQu,bcarter,"OU=IT,OU=Group Policy OU,DC=pompeii15,DC=net"
Brandy,Carver,vieJei1wie6,bcarver,"OU=IT,OU=Group Policy OU,DC=pompeii15,DC=net"
Berneice,Cary,yeiP8jeeng,bcary,"OU=IT,OU=Group Policy OU,DC=pompeii15,DC=net"
Benjamin,Ceja,aeS1oog0foh,bceja,"OU=IT,OU=Group Policy OU,DC=pompeii15,DC=net"
Barbra,Chavez,Woaf1ahGae,bchavez,"OU=IT,OU=Group Policy OU,DC=pompeii15,DC=net"
Blanche,Clark,ooqu3ooNa,bclark,"OU=IT,OU=Group Policy OU,DC=pompeii15,DC=net"
Barry,Conley,Oogh3auchoh,bconley,"OU=IT,OU=Group Policy OU,DC=pompeii15,DC=net"
Brenda,Copeland,ooQuaic5ai,bcopeland,"OU=IT,OU=Group Policy OU,DC=pompeii15,DC=net"
Bryce,Cortez,Aelohka3oo,bcortez,"OU=IT,OU=Group Policy OU,DC=pompeii15,DC=net"
Bertha,Crow,eiso7Yoo3Ei,bcrow,"OU=IT,OU=Group Policy OU,DC=pompeii15,DC=net"
Barbara,Curry,Aaw7oKei,bcurry,"OU=IT,OU=Group Policy OU,DC=pompeii15,DC=net"
Brian,Davis,aeTeid7epei,bdavis,"OU=IT,OU=Group Policy OU,DC=pompeii15,DC=net"
Bradley,Ford,uhuu4Shei,bford,"OU=IT,OU=Group Policy OU,DC=pompeii15,DC=net"
Brian,"GilcOU=HR,OU=Group Policy OU,DC=pompeii15,DC=netist",laLae9iidai,"bgilcOU=HR,OU=Group Policy OU,DC=pompeii15,DC=netist","OU=IT,OU=Group Policy OU,DC=pompeii15,DC=net"
Betty,Hansen,Ughoo9emo,bhansen,"OU=IT,OU=Group Policy OU,DC=pompeii15,DC=net"
Barbara,Harris,gaiZ4AeF,bharris,"OU=IT,OU=Group Policy OU,DC=pompeii15,DC=net"
Bryan,Jackson,ELeighe8uD,bjackson,"OU=IT,OU=Group Policy OU,DC=pompeii15,DC=net"
Brandon,Johnson,iePae8hee1oo,bjohnson,"OU=IT,OU=Group Policy OU,DC=pompeii15,DC=net"
Brenda,Johson,beo1Othai,bjohson,"OU=IT,OU=Group Policy OU,DC=pompeii15,DC=net"
Beth,Jones,Thei1eesh1j,bjones,"OU=IT,OU=Group Policy OU,DC=pompeii15,DC=net"
Belinda,"LaurOU=IT,OU=Group Policy OU,DC=pompeii15,DC=netzen","EOU=IT,OU=Group Policy OU,DC=pompeii15,DC=net9uijaes","blaurOU=IT,OU=Group Policy OU,DC=pompeii15,DC=netzen","OU=IT,OU=Group Policy OU,DC=pompeii15,DC=net"
Betty,Lucky,bue5eePoh,blucky,"OU=IT,OU=Group Policy OU,DC=pompeii15,DC=net"
Breanna,Miller,Quohmee9,bmiller,"OU=IT,OU=Group Policy OU,DC=pompeii15,DC=net"
Betty,Montgomery,lah5Aijai,bmontgomer,"OU=IT,OU=Group Policy OU,DC=pompeii15,DC=net"
"BrigOU=IT,OU=Group Policy OU,DC=pompeii15,DC=nette",Oaks,OhNush5eP9,boaks,"OU=IT,OU=Group Policy OU,DC=pompeii15,DC=net"
Barbara,Robles,tae9EicuaSie,brobles,"OU=IT,OU=Group Policy OU,DC=pompeii15,DC=net"
Brenda,Rosa,Ku5eiwa1,brosa,"OU=IT,OU=Group Policy OU,DC=pompeii15,DC=net"
Betty,Sanchez,ahPieR2aecu,bsanchez,"OU=IT,OU=Group Policy OU,DC=pompeii15,DC=net"
Bianca,Schill,een0Eigae,bschill,"OU=IT,OU=Group Policy OU,DC=pompeii15,DC=net"
Beulah,Simmons,Tang8xuu7zo,bsimmons,"OU=Sales,OU=Group Policy OU,DC=pompeii15,DC=net"
Barbara,Smathers,shais9EeSh,bsmathers,"OU=Sales,OU=Group Policy OU,DC=pompeii15,DC=net"
Betty,Stephenson,aequ6Eipho9b,bstephenso,"OU=Sales,OU=Group Policy OU,DC=pompeii15,DC=net"
Bruce,Stern,wi3aeQuaa,bstern,"OU=Sales,OU=Group Policy OU,DC=pompeii15,DC=net"
Brenda,Theis,Chaoke0reyi,btheis,"OU=Sales,OU=Group Policy OU,DC=pompeii15,DC=net"
Bernard,Thomas,ooro9GuK,bthomas,"OU=Sales,OU=Group Policy OU,DC=pompeii15,DC=net"
Bernadette,Vinyard,Ux7ey3tohve,bvinyard,"OU=Sales,OU=Group Policy OU,DC=pompeii15,DC=net"
Buster,Wilkerson,EeYiefu0,bwilkerson,"OU=Sales,OU=Group Policy OU,DC=pompeii15,DC=net"
Bonnie,Young,Phoupee7,byoung,"OU=Sales,OU=Group Policy OU,DC=pompeii15,DC=net"
Candace,Belcher,xoo0gohCho8,cbelcher,"OU=Sales,OU=Group Policy OU,DC=pompeii15,DC=net"
Cathy,Bigley,li1Eegoo,cbigley,"OU=Sales,OU=Group Policy OU,DC=pompeii15,DC=net"
Clarice,Bilbrey,nu8ac3ohGha,cbilbrey,"OU=Sales,OU=Group Policy OU,DC=pompeii15,DC=net"
"COU=HR,OU=Group Policy OU,DC=pompeii15,DC=netistina",Bishop,rie8Faimed,cbishop,"OU=Sales,OU=Group Policy OU,DC=pompeii15,DC=net"
Cory,Bolden,Shoo5Ohl,cbolden,"OU=Sales,OU=Group Policy OU,DC=pompeii15,DC=net"
Charles,Burd,Oog9Zong,cburd,"OU=Sales,OU=Group Policy OU,DC=pompeii15,DC=net"
Charles,Cavazos,Zaeyaes4j,ccavazos,"OU=Sales,OU=Group Policy OU,DC=pompeii15,DC=net"
Cecilia,Clancy,jah6EX6eeR6,cclancy,"OU=Sales,OU=Group Policy OU,DC=pompeii15,DC=net"
Charles,"CocOU=HR,OU=Group Policy OU,DC=pompeii15,DC=netan",uSheichai0m,"ccocOU=HR,OU=Group Policy OU,DC=pompeii15,DC=netan","OU=Sales,OU=Group Policy OU,DC=pompeii15,DC=net"
Charles,Collier,ugo9Ungiuh3,ccollier,"OU=Sales,OU=Group Policy OU,DC=pompeii15,DC=net"
Crystal,Dean,eecahN1eejae,cdean,"OU=Sales,OU=Group Policy OU,DC=pompeii15,DC=net"
Clarence,Ebert,iezais9Mo,cebert,"OU=Sales,OU=Group Policy OU,DC=pompeii15,DC=net"
Carl,Ensley,Ahthah2naing,censley,"OU=Sales,OU=Group Policy OU,DC=pompeii15,DC=net"
Caroline,Erving,phutah2Do,cerving,"OU=Sales,OU=Group Policy OU,DC=pompeii15,DC=net"
Charles,Fish,Oowei9ca,cfish,"OU=Sales,OU=Group Policy OU,DC=pompeii15,DC=net"
Cheryl,Gibson,Ze3xaechee,cgibson,"OU=Sales,OU=Group Policy OU,DC=pompeii15,DC=net"
Cecil,Goff,Boo3eemahHo,cgoff,"OU=Sales,OU=Group Policy OU,DC=pompeii15,DC=net"
Constance,Granger,ooGaiH3x,cgranger,"OU=Sales,OU=Group Policy OU,DC=pompeii15,DC=net"
"COU=HR,OU=Group Policy OU,DC=pompeii15,DC=netistopher",Hernandez,pheloi2eer6P,chernandez,"OU=Sales,OU=Group Policy OU,DC=pompeii15,DC=net"
Carl,Hodgson,shah2Ogee,chodgson,"OU=Sales,OU=Group Policy OU,DC=pompeii15,DC=net"
Cristal,Horne,Choo3ohk0th,chorne,"OU=Sales,OU=Group Policy OU,DC=pompeii15,DC=net"
Charlotte,Juan,Agh3leim,cjuan,"OU=Sales,OU=Group Policy OU,DC=pompeii15,DC=net"
"COU=HR,OU=Group Policy OU,DC=pompeii15,DC=netistopher",Jung,nei5Vev4,cjung,"OU=Sales,OU=Group Policy OU,DC=pompeii15,DC=net"
Charles,Keller,Eiwio5yai,ckeller,"OU=Sales,OU=Group Policy OU,DC=pompeii15,DC=net"
Criselda,Kettner,ao7pajei8Oo,ckettner,"OU=Sales,OU=Group Policy OU,DC=pompeii15,DC=net"
Carl,King,Ha5nu4phai,cking,"OU=Sales,OU=Group Policy OU,DC=pompeii15,DC=net"
Charlotte,Lamb,ohPojaun8,clamb,"OU=Sales,OU=Group Policy OU,DC=pompeii15,DC=net"
Cassandra,Ludwig,Ooghoh1Jei,cludwig,"OU=Sales,OU=Group Policy OU,DC=pompeii15,DC=net"
Cathy,Martin,MoQuo3peigh,cmartin,"OU=Sales,OU=Group Policy OU,DC=pompeii15,DC=net"
Clarence,McGrew,utheiJ9ua,cmcgrew,"OU=Sales,OU=Group Policy OU,DC=pompeii15,DC=net"
Claire,Moore,Lutee7alah,cmoore,"OU=Sales,OU=Group Policy OU,DC=pompeii15,DC=net"
Celia,Mullane,isax7Aegh,cmullane,"OU=Sales,OU=Group Policy OU,DC=pompeii15,DC=net"
Chad,Murphy,er0pooN0xee,cmurphy,"OU=Sales,OU=Group Policy OU,DC=pompeii15,DC=net"
"COU=HR,OU=Group Policy OU,DC=pompeii15,DC=netistopher",Nguyen,Baihee2Dah,cnguyen,"OU=Sales,OU=Group Policy OU,DC=pompeii15,DC=net"
Colleen,Ochoa,ieX3aewoong,cochoa,"OU=Sales,OU=Group Policy OU,DC=pompeii15,DC=net"
Casandra,Pardee,lai6Chix4,cpardee,"OU=Sales,OU=Group Policy OU,DC=pompeii15,DC=net"
Cynthia,Payne,eid4iMael8Ae,cpayne,"OU=Sales,OU=Group Policy OU,DC=pompeii15,DC=net"
Charles,Raglin,ixeezeP7m,craglin,"OU=Sales,OU=Group Policy OU,DC=pompeii15,DC=net"
Carla,Reed,ahFie3chaix,creed,"OU=Sales,OU=Group Policy OU,DC=pompeii15,DC=net"
Corey,Riebe,Iefoo8dai,criebe,"OU=Sales,OU=Group Policy OU,DC=pompeii15,DC=net"
Carolyn,Robinson,wuuWoo7Ein,crobinson,"OU=Sales,OU=Group Policy OU,DC=pompeii15,DC=net"
Craig,Rodriguez,Eiph1Ies5,crodriguez,"OU=Sales,OU=Group Policy OU,DC=pompeii15,DC=net"
Caroline,Russell,Aid9dohX6,crussell,"OU=Sales,OU=Group Policy OU,DC=pompeii15,DC=net"
Charles,Sanchez,teeThie9jei,csanchez,"OU=Sales,OU=Group Policy OU,DC=pompeii15,DC=net"
"COU=HR,OU=Group Policy OU,DC=pompeii15,DC=netistopher",Schwarz,oog0ievaeW,cschwarz,"OU=Sales,OU=Group Policy OU,DC=pompeii15,DC=net"
Cherie,Scott,chaeQuoo5,cscott,"OU=Sales,OU=Group Policy OU,DC=pompeii15,DC=net"
Charles,Sesco,xah7Eo9Ad,csesco,"OU=Sales,OU=Group Policy OU,DC=pompeii15,DC=net"
Charles,Sherrill,ahPh2So7,csherrill,"OU=Sales,OU=Group Policy OU,DC=pompeii15,DC=net"
Connie,Sturtz,chog2Dah,csturtz,"OU=Sales,OU=Group Policy OU,DC=pompeii15,DC=net"
Charles,Taylor,eeNg7iag,ctaylor,"OU=Sales,OU=Group Policy OU,DC=pompeii15,DC=net"
"COU=HR,OU=Group Policy OU,DC=pompeii15,DC=netistopher",Tillman,yeBah4pohy,ctillman,"OU=Sales,OU=Group Policy OU,DC=pompeii15,DC=net"
Clara,Watkins,OhmahxiSee2o,cwatkins,"OU=Sales,OU=Group Policy OU,DC=pompeii15,DC=net"
Clifford,Xiong,"hie6eOU=IT,OU=Group Policy OU,DC=pompeii15,DC=netho0y",cxiong,"OU=Sales,OU=Group Policy OU,DC=pompeii15,DC=net"
David,Alder,Iviinee3eeC,dalder,"OU=Sales,OU=Group Policy OU,DC=pompeii15,DC=net"
Dolores,Alvarez,ahPe4thoD5,dalvarez,"OU=Sales,OU=Group Policy OU,DC=pompeii15,DC=net"
Daniel,Benally,ome0Hoopash,dbenally,"OU=Sales,OU=Group Policy OU,DC=pompeii15,DC=net"
Donna,Bigelow,iquui0uTh,dbigelow,"OU=Sales,OU=Group Policy OU,DC=pompeii15,DC=net"
Donny,Canty,zoj5dahSh,dcanty,"OU=Sales,OU=Group Policy OU,DC=pompeii15,DC=net"
David,Carr,Oegaeghi1ye,dcarr,"OU=Sales,OU=Group Policy OU,DC=pompeii15,DC=net"
Dale,Carter,Ap4xeaSh,dcarter,"OU=Sales,OU=Group Policy OU,DC=pompeii15,DC=net"
Deborah,Clark,IjahPh8p,dclark,"OU=Sales,OU=Group Policy OU,DC=pompeii15,DC=net"
Derrick,Cortes,Phahx7puogh,dcortes,"OU=Sales,OU=Group Policy OU,DC=pompeii15,DC=net"
Darlene,Coughlin,gae8Fahjo,dcoughlin,"OU=Sales,OU=Group Policy OU,DC=pompeii15,DC=net"
Donn,Craft,Aegh6bai8ee,dcraft,"OU=Sales,OU=Group Policy OU,DC=pompeii15,DC=net"
Derrick,Davis,ku1Vaixee0n,ddavis,"OU=Sales,OU=Group Policy OU,DC=pompeii15,DC=net"
Diana,Disanto,eeleiZa3emoh,ddisanto,"OU=Sales,OU=Group Policy OU,DC=pompeii15,DC=net"
Donald,Edgington,sha7Ael5iph,dedgington,"OU=Sales,OU=Group Policy OU,DC=pompeii15,DC=net"
Deanna,Erlandson,Kah6aevei,derlandson,"OU=Sales,OU=Group Policy OU,DC=pompeii15,DC=net"
Darlene,Foster,eeLie6yeok,dfoster,"OU=Sales,OU=Group Policy OU,DC=pompeii15,DC=net"
Duane,Freeman,xaekah1Ae,dfreeman,"OU=Sales,OU=Group Policy OU,DC=pompeii15,DC=net"
Drusilla,Gibbs,ieJoonaed6ei,dgibbs,"OU=Sales,OU=Group Policy OU,DC=pompeii15,DC=net"
Darren,Griffin,raik4otheShei,dgriffin,"OU=Sales,OU=Group Policy OU,DC=pompeii15,DC=net"
Demetrice,Haack,ohMoh3piune,dhaack,"OU=Sales,OU=Group Policy OU,DC=pompeii15,DC=net"
Denise,Hack,quoiPh6shi,dhack,"OU=Sales,OU=Group Policy OU,DC=pompeii15,DC=net"
David,Harkins,wohc4aeveTohtee,dharkins,"OU=Sales,OU=Group Policy OU,DC=pompeii15,DC=net"
Dorothy,Hawkins,yib0Oos5oh,dhawkins,"OU=Sales,OU=Group Policy OU,DC=pompeii15,DC=net"
Debra,Hayes,eingaj2D,dhayes,"OU=Sales,OU=Group Policy OU,DC=pompeii15,DC=net"
Doris,Hollifield,ie3pohJ5Sie,dhollifiel,"OU=Sales,OU=Group Policy OU,DC=pompeii15,DC=net"
Donnie,Jenkins,Fei2Ba3ph,djenkins,"OU=Sales,OU=Group Policy OU,DC=pompeii15,DC=net"
Dorothy,Kearns,Niethoo9ae,dkearns,"OU=Sales,OU=Group Policy OU,DC=pompeii15,DC=net"
Debra,Kepner,wu9Veeyei,dkepner,"OU=Sales,OU=Group Policy OU,DC=pompeii15,DC=net"
Dorothy,Lamb,ahx5ya8O,dlamb,"OU=Sales,OU=Group Policy OU,DC=pompeii15,DC=net"
Diana,Lewis,aov8jeiLeic,dlewis,"OU=Sales,OU=Group Policy OU,DC=pompeii15,DC=net"
David,Loper,nuBi2Oongei,dloper,"OU=Sales,OU=Group Policy OU,DC=pompeii15,DC=net"
Daniel,Lopez,Air0ieg3thu1,dlopez,"OU=Sales,OU=Group Policy OU,DC=pompeii15,DC=net"
Darryl,Lowe,eiSh7ughe,dlowe,"OU=Sales,OU=Group Policy OU,DC=pompeii15,DC=net"
Dustin,Madison,fief1ohPh1oo,dmadison,"OU=Sales,OU=Group Policy OU,DC=pompeii15,DC=net"
Debbie,Marks,yiem6Such,dmarks,"OU=Sales,OU=Group Policy OU,DC=pompeii15,DC=net"
Donna,Martin,Ot2ai9sezae,dmartin,"OU=Sales,OU=Group Policy OU,DC=pompeii15,DC=net"
Debra,Meany,coo1siuJoh,dmeany,"OU=Sales,OU=Group Policy OU,DC=pompeii15,DC=net"
Daniel,Messenger,Chok2AhX,dmessenger,"OU=Sales,OU=Group Policy OU,DC=pompeii15,DC=net"
David,Nelson,Gohmee4u,dnelson,"OU=Sales,OU=Group Policy OU,DC=pompeii15,DC=net"
Donna,Parker,Yaetifah0,dparker,"OU=Sales,OU=Group Policy OU,DC=pompeii15,DC=net"
Dolores,Payne,waaN1thaeCh,dpayne,"OU=Sales,OU=Group Policy OU,DC=pompeii15,DC=net"
Dean,Prentice,ooSooSee3o,dprentice,"OU=Sales,OU=Group Policy OU,DC=pompeii15,DC=net"
Donald,Ramos,ooqua1Ookah,dramos,"OU=Sales,OU=Group Policy OU,DC=pompeii15,DC=net"
Daniel,Reed,EiSh1roeV8a,dreed,"OU=Sales,OU=Group Policy OU,DC=pompeii15,DC=net"
David,"ROU=IT,OU=Group Policy OU,DC=pompeii15,DC=netter",ceenai8Aoch,"drOU=IT,OU=Group Policy OU,DC=pompeii15,DC=netter","OU=Sales,OU=Group Policy OU,DC=pompeii15,DC=net"
Donald,Rivera,Cheivakoh2k,drivera,"OU=Sales,OU=Group Policy OU,DC=pompeii15,DC=net"
Darlene,Robinson,hooQuaimah6,drobinson,"OU=Sales,OU=Group Policy OU,DC=pompeii15,DC=net"
Dorothy,Rodriguez,Lei5noomae,drodriguez,"OU=Sales,OU=Group Policy OU,DC=pompeii15,DC=net"
Daniel,Santana,Ahwoo7einiv,dsantana,"OU=Sales,OU=Group Policy OU,DC=pompeii15,DC=net"
David,Schneider,eighaiC6ji,dschneider,"OU=Sales,OU=Group Policy OU,DC=pompeii15,DC=net"
David,Sosebee,Aij7rohKoo,dsosebee,"OU=Sales,OU=Group Policy OU,DC=pompeii15,DC=net"
Drew,Stingley,Gai7rooJ1g,dstingley,"OU=Sales,OU=Group Policy OU,DC=pompeii15,DC=net"
Deborah,Stone,aeBaodegh5,dstone,"OU=Sales,OU=Group Policy OU,DC=pompeii15,DC=net"
David,Thornton,Eeng9chai1u,dthornton,"OU=Sales,OU=Group Policy OU,DC=pompeii15,DC=net"
Debbie,Valencia,ech6Aiqu,dvalencia,"OU=Sales,OU=Group Policy OU,DC=pompeii15,DC=net"
Dawn,Valle,Iedie5uCh,dvalle,"OU=Sales,OU=Group Policy OU,DC=pompeii15,DC=net"
David,Valletta,onooGhoong5,dvalletta,"OU=Sales,OU=Group Policy OU,DC=pompeii15,DC=net"
Dustin,Wilkerson,mein2Na5b,dwilkerson,"OU=Sales,OU=Group Policy OU,DC=pompeii15,DC=net"
Donald,Williams,Rai5zae8auNg,dwilliams,"OU=Sales,OU=Group Policy OU,DC=pompeii15,DC=net"
David,Wood,Ayooth6dai,dwood,"OU=Sales,OU=Group Policy OU,DC=pompeii15,DC=net"
Edward,Abney,Thuu2ohjee2,eabney,"OU=Sales,OU=Group Policy OU,DC=pompeii15,DC=net"
"EdOU=IT,OU=Group Policy OU,DC=pompeii15,DC=neth",Adler,eedai4xieS,eadler,"OU=Sales,OU=Group Policy OU,DC=pompeii15,DC=net"
Elsie,Alt,thoGar8c,ealt,"OU=Sales,OU=Group Policy OU,DC=pompeii15,DC=net"
Edna,Arzola,ahJoo2ohvoo6,earzola,"OU=Sales,OU=Group Policy OU,DC=pompeii15,DC=net"
Earl,Ashcraft,biech3Ba0wah,eashcraft,"OU=Sales,OU=Group Policy OU,DC=pompeii15,DC=net"
Earl,Bailey,cah6quieZei,ebailey,"OU=Sales,OU=Group Policy OU,DC=pompeii15,DC=net"
Edward,Baldwin,veibemeej6Ee,ebaldwin,"OU=Sales,OU=Group Policy OU,DC=pompeii15,DC=net"
Evelyn,Begley,ua7Zuush9ei,ebegley,"OU=Sales,OU=Group Policy OU,DC=pompeii15,DC=net"
Edwin,Bess,ThayeB9Ie,ebess,"OU=Sales,OU=Group Policy OU,DC=pompeii15,DC=net"
Evangeline,Blazer,agh4Soo6a,eblazer,"OU=Sales,OU=Group Policy OU,DC=pompeii15,DC=net"
Everett,Bowles,ta2aed2ID5ou,ebowles,"OU=Sales,OU=Group Policy OU,DC=pompeii15,DC=net"
Ellen,Bryant,doorohh0H,ebryant,"OU=Sales,OU=Group Policy OU,DC=pompeii15,DC=net"
Eric,Burkett,Fu7eerai,eburkett,"OU=Sales,OU=Group Policy OU,DC=pompeii15,DC=net"
Elizabeth,Burton,Yievij8shai,eburton,"OU=Sales,OU=Group Policy OU,DC=pompeii15,DC=net"
Edward,Butt,Aej5pheiCh,ebutt,"OU=Sales,OU=Group Policy OU,DC=pompeii15,DC=net"
Eugene,Castillo,Vos2ain0Hah,ecastillo,"OU=Sales,OU=Group Policy OU,DC=pompeii15,DC=net"
Elizabeth,Clyde,"raOU=HR,OU=Group Policy OU,DC=pompeii15,DC=net7yeihi",eclyde,"OU=Sales,OU=Group Policy OU,DC=pompeii15,DC=net"
Ellen,Collins,phosuuY8m,ecollins,"OU=Sales,OU=Group Policy OU,DC=pompeii15,DC=net"
"EdOU=IT,OU=Group Policy OU,DC=pompeii15,DC=neth",Davis,ey1nohVeiw,edavis,"OU=Sales,OU=Group Policy OU,DC=pompeii15,DC=net"
Elena,Edwards,ifahd9HohF,eedwards,"OU=Sales,OU=Group Policy OU,DC=pompeii15,DC=net"
Elsie,Ernst,di5Eom1mie,eernst,"OU=Sales,OU=Group Policy OU,DC=pompeii15,DC=net"
Elizabeth,Fagundes,"shoOU=HR,OU=Group Policy OU,DC=pompeii15,DC=net5Eim3ph",efagundes,"OU=Sales,OU=Group Policy OU,DC=pompeii15,DC=net"
Eileen,Goode,eL0Dei8ae,egoode,"OU=Sales,OU=Group Policy OU,DC=pompeii15,DC=net"
Emily,Gourley,Eedahyui1,egourley,"OU=Sales,OU=Group Policy OU,DC=pompeii15,DC=net"
Edna,Grantham,yeifu3Oh,egrantham,"OU=Sales,OU=Group Policy OU,DC=pompeii15,DC=net"
Elizabeth,Hobson,choh1Iequ,ehobson,"OU=Sales,OU=Group Policy OU,DC=pompeii15,DC=net"
Erika,Hochstetler,ooseetiGh3,ehochstetl,"OU=Sales,OU=Group Policy OU,DC=pompeii15,DC=net"
Elizabeth,Johnson,Ahkohgah5,ejohnson,"OU=Sales,OU=Group Policy OU,DC=pompeii15,DC=net"
Erwin,Lawson,Aa5ethe1Ah,elawson,"OU=Sales,OU=Group Policy OU,DC=pompeii15,DC=net"
Edna,Martinez,Ucais1nei2v,emartinez,"OU=Sales,OU=Group Policy OU,DC=pompeii15,DC=net"
Evelyn,McGregor,Haephaev3Ae,emcgregor,"OU=Sales,OU=Group Policy OU,DC=pompeii15,DC=net"
Eunice,McKinney,eemohD0y,emckinney,"OU=Sales,OU=Group Policy OU,DC=pompeii15,DC=net"
Eva,Mikell,ge0fae2xaD7,emikell,"OU=Sales,OU=Group Policy OU,DC=pompeii15,DC=net"
Eric,Miller,osh9Aung,emiller,"OU=Sales,OU=Group Policy OU,DC=pompeii15,DC=net"
Evette,Murray,Ohqu5ri7cae,emurray,"OU=Sales,OU=Group Policy OU,DC=pompeii15,DC=net"
Eileen,Nowacki,eD7aet6Aek4,enowacki,"OU=Sales,OU=Group Policy OU,DC=pompeii15,DC=net"
Elizabeth,Perkins,aeCh8leigh,eperkins,"OU=Sales,OU=Group Policy OU,DC=pompeii15,DC=net"
Eric,Powers,thejie2ieWoo,epowers,"OU=Sales,OU=Group Policy OU,DC=pompeii15,DC=net"
Edward,Reed,poon0OhW9,ereed,"OU=Sales,OU=Group Policy OU,DC=pompeii15,DC=net"
Elmer,Reynolds,Phie0eephae,ereynolds,"OU=Sales,OU=Group Policy OU,DC=pompeii15,DC=net"
Evangeline,Roseberry,Viejaehaht7,eroseberry,"OU=Sales,OU=Group Policy OU,DC=pompeii15,DC=net"
Edward,Rustin,oosei6ohXei,erustin,"OU=Sales,OU=Group Policy OU,DC=pompeii15,DC=net"
Eleanor,Skiles,ONg4Teeth,eskiles,"OU=Sales,OU=Group Policy OU,DC=pompeii15,DC=net"
Edward,Thompson,ooWoh0fa3,ethompson,"OU=Sales,OU=Group Policy OU,DC=pompeii15,DC=net"
Erica,Wilburn,OhkoiQui1,ewilburn,"OU=Sales,OU=Group Policy OU,DC=pompeii15,DC=net"
Earnest,Wilson,Uu6wopaiM,ewilson,"OU=Sales,OU=Group Policy OU,DC=pompeii15,DC=net"
Emily,Womack,Miew5ifai9x,ewomack,"OU=Sales,OU=Group Policy OU,DC=pompeii15,DC=net"
Frank,Crisp,Goo8wi0johp,fcrisp,"OU=Sales,OU=Group Policy OU,DC=pompeii15,DC=net"
Fernando,Durkin,Re9Oozaig1ooS,fdurkin,"OU=Sales,OU=Group Policy OU,DC=pompeii15,DC=net"
Fidel,Flores,Ahv6kae2woh,fflores,"OU=Sales,OU=Group Policy OU,DC=pompeii15,DC=net"
Frances,Hernandez,goo7yoo2Ai,fhernandez,"OU=Sales,OU=Group Policy OU,DC=pompeii15,DC=net"
Frieda,House,Ua8gef0O,fhouse,"OU=Sales,OU=Group Policy OU,DC=pompeii15,DC=net"
Florence,Kunkle,ea0ohhoh8X,fkunkle,"OU=Sales,OU=Group Policy OU,DC=pompeii15,DC=net"
Fannie,McCarver,Ev6WieG3a,fmccarver,"OU=Sales,OU=Group Policy OU,DC=pompeii15,DC=net"
Florence,Mendell,OoR7jaim,fmendell,"OU=Sales,OU=Group Policy OU,DC=pompeii15,DC=net"
Floyd,Mickle,moom1ceiZ,fmickle,"OU=Sales,OU=Group Policy OU,DC=pompeii15,DC=net"
Frank,Ryan,bo2avi0aPoo,fryan,"OU=Sales,OU=Group Policy OU,DC=pompeii15,DC=net"
Frank,Samuels,jie6Oong1P,fsamuels,"OU=Sales,OU=Group Policy OU,DC=pompeii15,DC=net"
Felisa,Sherrod,EeGhu0phoh,fsherrod,"OU=Sales,OU=Group Policy OU,DC=pompeii15,DC=net"
Fred,Utter,aegh5Ao4oh,futter,"OU=Sales,OU=Group Policy OU,DC=pompeii15,DC=net"
Frank,Walls,ohkai7baePie,fwalls,"OU=Sales,OU=Group Policy OU,DC=pompeii15,DC=net"
Florence,Ward,riew9xaeJ,fward,"OU=Sales,OU=Group Policy OU,DC=pompeii15,DC=net"
Frances,Westbrook,xuig9Hab0,fwestbrook,"OU=Sales,OU=Group Policy OU,DC=pompeii15,DC=net"
George,Aiken,"eOU=IT,OU=Group Policy OU,DC=pompeii15,DC=netee4Cho",gaiken,"OU=Sales,OU=Group Policy OU,DC=pompeii15,DC=net"
Gina,Albert,Ai2ceeza4Ae,galbert,"OU=Sales,OU=Group Policy OU,DC=pompeii15,DC=net"
Gordon,Ash,eR8ee3hubo0,gash,"OU=Sales,OU=Group Policy OU,DC=pompeii15,DC=net"
Grazyna,Bowman,re6ohceCh,gbowman,"OU=Sales,OU=Group Policy OU,DC=pompeii15,DC=net"
Gerald,Caruso,aeZoo2Ph,gcaruso,"OU=Sales,OU=Group Policy OU,DC=pompeii15,DC=net"
Gerald,Cottrell,xei8Oehae,gcottrell,"OU=Sales,OU=Group Policy OU,DC=pompeii15,DC=net"
Gary,Crespo,doh0ohL0eej,gcrespo,"OU=Sales,OU=Group Policy OU,DC=pompeii15,DC=net"
Grace,Ellison,EeK6xaefoh,gellison,"OU=Sales,OU=Group Policy OU,DC=pompeii15,DC=net"
Gregory,Elston,saechohw8eX,gelston,"OU=Sales,OU=Group Policy OU,DC=pompeii15,DC=net"
Grady,Everson,eighe2wohPai,geverson,"OU=Sales,OU=Group Policy OU,DC=pompeii15,DC=net"
Gregory,Foran,Phaebieb4,gforan,"OU=Sales,OU=Group Policy OU,DC=pompeii15,DC=net"
Greg,Hillis,bixah6Pothoh,ghillis,"OU=Sales,OU=Group Policy OU,DC=pompeii15,DC=net"
Gary,Hollingsworth,tu5PhueChae,ghollingsw,"OU=Sales,OU=Group Policy OU,DC=pompeii15,DC=net"
Gilbert,Jackson,tieFaiYat1,gjackson,"OU=Sales,OU=Group Policy OU,DC=pompeii15,DC=net"
Gary,Johnson,uqu2AChohc,gjohnson,"OU=Sales,OU=Group Policy OU,DC=pompeii15,DC=net"
Glenn,Keck,AimaeMae0ooL,gkeck,"OU=Sales,OU=Group Policy OU,DC=pompeii15,DC=net"
Glenn,Kessler,up7Aij9ei,gkessler,"OU=Sales,OU=Group Policy OU,DC=pompeii15,DC=net"
Grace,Kirk,aw6Oashai,gkirk,"OU=Sales,OU=Group Policy OU,DC=pompeii15,DC=net"
Gregory,"LatOU=HR,OU=Group Policy OU,DC=pompeii15,DC=netop",aeth5Ut2ex,"glatOU=HR,OU=Group Policy OU,DC=pompeii15,DC=netop","OU=Sales,OU=Group Policy OU,DC=pompeii15,DC=net"
Gerald,Melton,quoa4Lozae,gmelton,"OU=Sales,OU=Group Policy OU,DC=pompeii15,DC=net"
Gary,Munoz,kah6xaCahqu,gmunoz,"OU=Sales,OU=Group Policy OU,DC=pompeii15,DC=net"
Gregory,Ramirez,Eiph9joo,gramirez,"OU=Sales,OU=Group Policy OU,DC=pompeii15,DC=net"
Gladys,Saad,Oomaiw7Xoh,gsaad,"OU=Sales,OU=Group Policy OU,DC=pompeii15,DC=net"
Gregory,Schorr,Zohbo9eemai,gschorr,"OU=Sales,OU=Group Policy OU,DC=pompeii15,DC=net"
Garland,Sinclair,shah9ieQuee,gsinclair,"OU=Sales,OU=Group Policy OU,DC=pompeii15,DC=net"
Gina,"SmOU=IT,OU=Group Policy OU,DC=pompeii15,DC=neth",eeThah5koh,"gsmOU=IT,OU=Group Policy OU,DC=pompeii15,DC=neth","OU=Sales,OU=Group Policy OU,DC=pompeii15,DC=net"
Geoffrey,Solis,Vaefaey9,gsolis,"OU=Sales,OU=Group Policy OU,DC=pompeii15,DC=net"
Gregory,Sotelo,EiCha2Ohbee,gsotelo,"OU=Sales,OU=Group Policy OU,DC=pompeii15,DC=net"
Gustavo,Stewart,un6AhfiPh4th,gstewart,"OU=Sales,OU=Group Policy OU,DC=pompeii15,DC=net"
Gary,Tregre,aph8aegh5Oh,gtregre,"OU=Sales,OU=Group Policy OU,DC=pompeii15,DC=net"
Gregory,Williams,Okie5eeb6ae,gwilliams,"OU=Sales,OU=Group Policy OU,DC=pompeii15,DC=net"
George,Yamamoto,eeThusai6bei,gyamamoto,"OU=Sales,OU=Group Policy OU,DC=pompeii15,DC=net"
Gerald,Yates,aiJe0bahlee,gyates,"OU=Sales,OU=Group Policy OU,DC=pompeii15,DC=net"
Hattie,Allen,"ke9EOU=IT,OU=Group Policy OU,DC=pompeii15,DC=netujah",hallen,"OU=Sales,OU=Group Policy OU,DC=pompeii15,DC=net"
Hattie,Church,WeeMi8aeph,hchurch,"OU=Sales,OU=Group Policy OU,DC=pompeii15,DC=net"
Hazel,Curtis,phuzeu6aeVo,hcurtis,"OU=Sales,OU=Group Policy OU,DC=pompeii15,DC=net"
Harold,Delcambre,beesieBe9e,hdelcambre,"OU=Sales,OU=Group Policy OU,DC=pompeii15,DC=net"
Hollis,Farmer,phah5Egoiko,hfarmer,"OU=Sales,OU=Group Policy OU,DC=pompeii15,DC=net"
Helena,Finch,aGah8Ofu8Cu,hfinch,"OU=Sales,OU=Group Policy OU,DC=pompeii15,DC=net"
Hal,Fischer,dai1xohChee,hfischer,"OU=Sales,OU=Group Policy OU,DC=pompeii15,DC=net"
Howard,Flood,aemib2eeNg,hflood,"OU=Sales,OU=Group Policy OU,DC=pompeii15,DC=net"
Harriett,Gillison,aedaB5ia8voh,hgillison,"OU=Sales,OU=Group Policy OU,DC=pompeii15,DC=net"
Helen,Grant,Ephoo0zah3xei,hgrant,"OU=Sales,OU=Group Policy OU,DC=pompeii15,DC=net"
Hazel,Green,hi3eifeiN,hgreen,"OU=Sales,OU=Group Policy OU,DC=pompeii15,DC=net"
Henrietta,Laroche,teiQue4tae,hlaroche,"OU=Sales,OU=Group Policy OU,DC=pompeii15,DC=net"
Harold,Morrison,lu4ohng7Fee,hmorrison,"OU=Sales,OU=Group Policy OU,DC=pompeii15,DC=net"
Hilda,Pfarr,ca3Weeve5e,hpfarr,"OU=Sales,OU=Group Policy OU,DC=pompeii15,DC=net"
Helen,Robinson,eepuig3Ohj,"OU=HR,OU=Group Policy OU,DC=pompeii15,DC=netobinson","OU=Sales,OU=Group Policy OU,DC=pompeii15,DC=net"
Haley,Rosen,Xig3Az3Ohhe,"OU=HR,OU=Group Policy OU,DC=pompeii15,DC=netosen","OU=Sales,OU=Group Policy OU,DC=pompeii15,DC=net"
Hector,Tripp,aez9Eejae,htripp,"OU=Sales,OU=Group Policy OU,DC=pompeii15,DC=net"
Hui,Troutman,ooShae5ah,htroutman,"OU=Sales,OU=Group Policy OU,DC=pompeii15,DC=net"
Harley,Voyles,aezahhaex5Ph,hvoyles,"OU=Sales,OU=Group Policy OU,DC=pompeii15,DC=net"
Hollis,Walker,OhMoo7Hael,hwalker,"OU=Sales,OU=Group Policy OU,DC=pompeii15,DC=net"
Heather,Wells,Ahj7Ooghei,hwells,"OU=Sales,OU=Group Policy OU,DC=pompeii15,DC=net"
Iva,Cummins,Aep1uejio,icummins,"OU=Sales,OU=Group Policy OU,DC=pompeii15,DC=net"
Irma,Hess,Eixae6aeBeeph,ihess,"OU=Sales,OU=Group Policy OU,DC=pompeii15,DC=net"
Ian,Hughs,aGeefaph5,ihughs,"OU=Sales,OU=Group Policy OU,DC=pompeii15,DC=net"
Ingrid,Johnson,ohMee2einei,ijohnson,"OU=Sales,OU=Group Policy OU,DC=pompeii15,DC=net"
Ike,Mucci,ei9eegee3Ea,imucci,"OU=Sales,OU=Group Policy OU,DC=pompeii15,DC=net"
Ingrid,Perez,ix0ku8Chiw,iperez,"OU=Sales,OU=Group Policy OU,DC=pompeii15,DC=net"
Irene,Sanders,ohghiGh0,isanders,"OU=Sales,OU=Group Policy OU,DC=pompeii15,DC=net"
Juliane,Adkins,aophahNg9,jadkins,"OU=Sales,OU=Group Policy OU,DC=pompeii15,DC=net"
Joseph,Alexander,jo8Eipae,jalexander,"OU=Sales,OU=Group Policy OU,DC=pompeii15,DC=net"
Joseph,Ali,Soom9eeFoo,jali,"OU=Sales,OU=Group Policy OU,DC=pompeii15,DC=net"
Jeff,Austin,Kee6ieng2ei,jaustin,"OU=Sales,OU=Group Policy OU,DC=pompeii15,DC=net"
Justin,Barker,shair9eiCah,jbarker,"OU=Sales,OU=Group Policy OU,DC=pompeii15,DC=net"
Jaime,Bass,xahH7Az2t,jbass,"OU=Sales,OU=Group Policy OU,DC=pompeii15,DC=net"
Jack,Bax,cae6USeZ7v,jbax,"OU=Sales,OU=Group Policy OU,DC=pompeii15,DC=net"
Jeffrey,Bellamy,Joh7gev6ee,jbellamy,"OU=Sales,OU=Group Policy OU,DC=pompeii15,DC=net"
Jacqueline,Borum,os7vep6Nah,jborum,"OU=Sales,OU=Group Policy OU,DC=pompeii15,DC=net"
James,Breault,FaegohN9ohvai,jbreault,"OU=Sales,OU=Group Policy OU,DC=pompeii15,DC=net"
"JudOU=IT,OU=Group Policy OU,DC=pompeii15,DC=neth",Breedlove,Quohg3Eimi7,jbreedlove,"OU=Sales,OU=Group Policy OU,DC=pompeii15,DC=net"
James,Brooks,jei0Aexei5ai,jbrooks,"OU=Sales,OU=Group Policy OU,DC=pompeii15,DC=net"
Jeremy,Brownlow,Oot8goonah,jbrownlow,"OU=Sales,OU=Group Policy OU,DC=pompeii15,DC=net"
Josephine,Brumfield,MahxooJ8e,jbrumfield,"OU=Sales,OU=Group Policy OU,DC=pompeii15,DC=net"
Janet,Carmouche,kah8FooreiSh,jcarmouche,"OU=Sales,OU=Group Policy OU,DC=pompeii15,DC=net"
Jeremiah,Carrillo,Iaz0aeko,jcarrillo,"OU=Sales,OU=Group Policy OU,DC=pompeii15,DC=net"
Jessica,Carter,mieSah6Vai3,jcarter,"OU=Sales,OU=Group Policy OU,DC=pompeii15,DC=net"
Jonathan,Cavanaugh,Ahveesh3j,jcavanaugh,"OU=Sales,OU=Group Policy OU,DC=pompeii15,DC=net"
John,Chambers,ooXo0fei6U,jchambers,"OU=Sales,OU=Group Policy OU,DC=pompeii15,DC=net"
John,"COU=HR,OU=Group Policy OU,DC=pompeii15,DC=netistensen",Aizaup9loh,"jcOU=HR,OU=Group Policy OU,DC=pompeii15,DC=netistens","OU=Sales,OU=Group Policy OU,DC=pompeii15,DC=net"
Joan,"COU=HR,OU=Group Policy OU,DC=pompeii15,DC=netistiansen",Peivi5gai,"jcOU=HR,OU=Group Policy OU,DC=pompeii15,DC=netistian","OU=Sales,OU=Group Policy OU,DC=pompeii15,DC=net"
Jerome,"COU=HR,OU=Group Policy OU,DC=pompeii15,DC=netisty",ieyieK3th,"jcOU=HR,OU=Group Policy OU,DC=pompeii15,DC=netisty","OU=Sales,OU=Group Policy OU,DC=pompeii15,DC=net"
John,Cook,Shuame6oh,jcook,"OU=Sales,OU=Group Policy OU,DC=pompeii15,DC=net"
John,Coomes,eiSho3roo,jcoomes,"OU=Sales,OU=Group Policy OU,DC=pompeii15,DC=net"
Jackie,Cummings,eeGeejaic3,jcummings,"OU=Sales,OU=Group Policy OU,DC=pompeii15,DC=net"
Jerry,Cunningham,ohPhae2im7j,jcunningha,"OU=Sales,OU=Group Policy OU,DC=pompeii15,DC=net"
Jane,Cuthbertson,doolae7aiFae,jcuthberts,"OU=Sales,OU=Group Policy OU,DC=pompeii15,DC=net"
John,Davis,ewe5Oquohx,jdavis,"OU=Sales,OU=Group Policy OU,DC=pompeii15,DC=net"
Joseph,Diamond,ohJaez1vo4th,jdiamond,"OU=Sales,OU=Group Policy OU,DC=pompeii15,DC=net"
Janice,Dowdy,ceeM0mohd,jdowdy,"OU=Sales,OU=Group Policy OU,DC=pompeii15,DC=net"
Josephine,Drake,Eesh5toh,jdrake,"OU=Sales,OU=Group Policy OU,DC=pompeii15,DC=net"
Jesse,Driskell,CieR4chieph,jdriskell,"OU=Sales,OU=Group Policy OU,DC=pompeii15,DC=net"
James,Elmore,aic9ohV9pai,jelmore,"OU=Sales,OU=Group Policy OU,DC=pompeii15,DC=net"
Jeff,Emerson,xiuWah5IeYei,jemerson,"OU=Sales,OU=Group Policy OU,DC=pompeii15,DC=net"
"JuanOU=IT,OU=Group Policy OU,DC=pompeii15,DC=neta",Evans,ieVoh4ohs,jevans,"OU=Sales,OU=Group Policy OU,DC=pompeii15,DC=net"
John,Ewing,Rutha8Kuth,jewing,"OU=Sales,OU=Group Policy OU,DC=pompeii15,DC=net"
"JudOU=IT,OU=Group Policy OU,DC=pompeii15,DC=neth",Fifield,ohZee8ge,jfifield,"OU=Sales,OU=Group Policy OU,DC=pompeii15,DC=net"
Jason,Fox,oN5ioVeeb0,jfox,"OU=Sales,OU=Group Policy OU,DC=pompeii15,DC=net"
Jennifer,Fuller,Aigha1voiyei,jfuller,"OU=Sales,OU=Group Policy OU,DC=pompeii15,DC=net"
James,Fuqua,"aOU=HR,OU=Group Policy OU,DC=pompeii15,DC=neteGe5aQu5",jfuqua,"OU=Sales,OU=Group Policy OU,DC=pompeii15,DC=net"
Johnny,Gallegos,Gaequoh7ph,jgallegos,"OU=Sales,OU=Group Policy OU,DC=pompeii15,DC=net"
Janet,Garner,onooVagh8aa,jgarner,"OU=Sales,OU=Group Policy OU,DC=pompeii15,DC=net"
Jessica,Garza,aed9Se2Yai,jgarza,"OU=Sales,OU=Group Policy OU,DC=pompeii15,DC=net"
Julie,Gilbert,up4foiGh,jgilbert,"OU=Sales,OU=Group Policy OU,DC=pompeii15,DC=net"
Jessica,Gonzalez,oQuaex6p,jgonzalez,"OU=Sales,OU=Group Policy OU,DC=pompeii15,DC=net"
Julia,Gore,aeN3iezu4,jgore,"OU=Sales,OU=Group Policy OU,DC=pompeii15,DC=net"
Joan,Greene,giengee1E,jgreene,"OU=Sales,OU=Group Policy OU,DC=pompeii15,DC=net"
Jeffrey,Gusman,eel5Maem,jgusman,"OU=Sales,OU=Group Policy OU,DC=pompeii15,DC=net"
Judy,Hall,su1Vu9puod7,jhall,"OU=Sales,OU=Group Policy OU,DC=pompeii15,DC=net"
Joe,Hancock,aip1Uv8u,jhancock,"OU=Sales,OU=Group Policy OU,DC=pompeii15,DC=net"
John,Harrell,Gietae7oh,jharrell,"OU=Sales,OU=Group Policy OU,DC=pompeii15,DC=net"
James,Hartigan,ohw1eiboF,jhartigan,"OU=Sales,OU=Group Policy OU,DC=pompeii15,DC=net"
Jon,Hawkins,eejieNgoh6,jhawkins,"OU=Sales,OU=Group Policy OU,DC=pompeii15,DC=net"
John,Hefner,Quu7aedai,jhefner,"OU=Sales,OU=Group Policy OU,DC=pompeii15,DC=net"
John,Herrell,wuo4Ieng,jherrell,"OU=Sales,OU=Group Policy OU,DC=pompeii15,DC=net"
Jeanette,Hill,weehah2ahW8,jhill,"OU=Sales,OU=Group Policy OU,DC=pompeii15,DC=net"
Jim,Hughes,aiqu1IeN,jhughes,"OU=Sales,OU=Group Policy OU,DC=pompeii15,DC=net"
Joy,Hughs,Oop0oiDee1,jhughs,"OU=Sales,OU=Group Policy OU,DC=pompeii15,DC=net"
Jeff,"HumpOU=HR,OU=Group Policy OU,DC=pompeii15,DC=neties",Deiyeeyi6,"jhumpOU=HR,OU=Group Policy OU,DC=pompeii15,DC=neties","OU=Sales,OU=Group Policy OU,DC=pompeii15,DC=net"
Jeanne,Jeffrey,aiW9oovoHee,jjeffrey,"OU=Sales,OU=Group Policy OU,DC=pompeii15,DC=net"
Julia,Johns,rohQu4pah,jjohns,"OU=Sales,OU=Group Policy OU,DC=pompeii15,DC=net"
Joshua,Johnson,sie6Oa4faki,jjohnson,"OU=Sales,OU=Group Policy OU,DC=pompeii15,DC=net"
James,Jordan,ain5iLeeDi,jjordan,"OU=Sales,OU=Group Policy OU,DC=pompeii15,DC=net"
Joan,Keller,Meegiech5B,jkeller,"OU=Sales,OU=Group Policy OU,DC=pompeii15,DC=net"
Javier,Kenney,abiZ1iepa0,jkenney,"OU=Sales,OU=Group Policy OU,DC=pompeii15,DC=net"
John,Knouse,Ughae8theigh,jknouse,"OU=Sales,OU=Group Policy OU,DC=pompeii15,DC=net"
Joann,Korte,ZaiGheegh3,jkorte,"OU=Sales,OU=Group Policy OU,DC=pompeii15,DC=net"
Josephine,Laborde,yu4ooGieph,jlaborde,"OU=Sales,OU=Group Policy OU,DC=pompeii15,DC=net"
Johnny,Langley,neeway6Wai,jlangley,"OU=Sales,OU=Group Policy OU,DC=pompeii15,DC=net"
Joseph,Leach,ohLiax7sah,jleach,"OU=Sales,OU=Group Policy OU,DC=pompeii15,DC=net"
Jesse,Ledoux,Yohs3nuz6mie,jledoux,"OU=Sales,OU=Group Policy OU,DC=pompeii15,DC=net"
Joseph,Leon,tei3KieSh,jleon,"OU=Sales,OU=Group Policy OU,DC=pompeii15,DC=net"
Julie,Logue,Ung3angoo,jlogue,"OU=Sales,OU=Group Policy OU,DC=pompeii15,DC=net"
James,Lueck,"EOU=IT,OU=Group Policy OU,DC=pompeii15,DC=neth2fin",jlueck,"OU=Sales,OU=Group Policy OU,DC=pompeii15,DC=net"
John,Lytle,eeyuiD8gai,jlytle,"OU=Sales,OU=Group Policy OU,DC=pompeii15,DC=net"
Justin,Macgregor,shaiCh1Goh,jmacgregor,"OU=Sales,OU=Group Policy OU,DC=pompeii15,DC=net"
Jodee,Mallard,Ies6ori3f,jmallard,"OU=Sales,OU=Group Policy OU,DC=pompeii15,DC=net"
Joshua,Manes,eiqu0AeH,jmanes,"OU=Sales,OU=Group Policy OU,DC=pompeii15,DC=net"
James,Markley,Lai9uleigee,jmarkley,"OU=Sales,OU=Group Policy OU,DC=pompeii15,DC=net"
Janette,Martin,ohPhi1HuZ,jmartin,"OU=Sales,OU=Group Policy OU,DC=pompeii15,DC=net"
Joseph,McBride,aaF8aoc0ai,jmcbride,"OU=Sales,OU=Group Policy OU,DC=pompeii15,DC=net"
Janet,McIntyre,xai8Eif9,jmcintyre,"OU=Sales,OU=Group Policy OU,DC=pompeii15,DC=net"
John,McKinney,Quohdae9oo,jmckinney,"OU=Sales,OU=Group Policy OU,DC=pompeii15,DC=net"
Jean,Merideth,aeghae7Soo,jmerideth,"OU=Sales,OU=Group Policy OU,DC=pompeii15,DC=net"
Joe,Metcalf,"AOU=HR,OU=Group Policy OU,DC=pompeii15,DC=net7ae1oonah",jmetcalf,"OU=Sales,OU=Group Policy OU,DC=pompeii15,DC=net"
Joseph,"MOU=IT,OU=Group Policy OU,DC=pompeii15,DC=netchem",ooGhohGhohzoo4,"jmOU=IT,OU=Group Policy OU,DC=pompeii15,DC=netchem","OU=Sales,OU=Group Policy OU,DC=pompeii15,DC=net"
Justin,Montoya,"Erie1AOU=HR,OU=Group Policy OU,DC=pompeii15,DC=net",jmontoya,"OU=Sales,OU=Group Policy OU,DC=pompeii15,DC=net"
Johnny,Moody,Phohnah5uf,jmoody,"OU=Sales,OU=Group Policy OU,DC=pompeii15,DC=net"
Jack,Moore,Ue0OumieT8,jmoore,"OU=Sales,OU=Group Policy OU,DC=pompeii15,DC=net"
Jared,Moyer,eed3Oolae,jmoyer,"OU=Sales,OU=Group Policy OU,DC=pompeii15,DC=net"
John,Mullane,kaiRooX3od,jmullane,"OU=Sales,OU=Group Policy OU,DC=pompeii15,DC=net"
Julie,Murray,eeB0xetaiB,jmurray,"OU=Sales,OU=Group Policy OU,DC=pompeii15,DC=net"
Jim,Naccarato,ro0pee3Ei,jnaccarato,"OU=Sales,OU=Group Policy OU,DC=pompeii15,DC=net"
Joyce,Nguyen,Bo7naa8Sah,jnguyen,"OU=Sales,OU=Group Policy OU,DC=pompeii15,DC=net"
Jessie,Nord,pee6ia6oJ,jnord,"OU=Sales,OU=Group Policy OU,DC=pompeii15,DC=net"
Joseph,Ouellette,LaBee7ce,jouellette,"OU=Sales,OU=Group Policy OU,DC=pompeii15,DC=net"
Johnie,Padilla,quohv0eiQuah,jpadilla,"OU=Sales,OU=Group Policy OU,DC=pompeii15,DC=net"
Jonathan,Park,ishe9Ohgh,jpark,"OU=Sales,OU=Group Policy OU,DC=pompeii15,DC=net"
Jennie,Parker,thah5chei0Ai,jparker,"OU=Sales,OU=Group Policy OU,DC=pompeii15,DC=net"
James,Parks,thaVeo3Aes,jparks,"OU=Sales,OU=Group Policy OU,DC=pompeii15,DC=net"
Jose,Petty,ChoVeL8Vi3,jpetty,"OU=Sales,OU=Group Policy OU,DC=pompeii15,DC=net"
Joel,Pippin,Iwohjiedee7,jpippin,"OU=Sales,OU=Group Policy OU,DC=pompeii15,DC=net"
Joan,Porter,sheiMuqu0Y,jporter,"OU=Sales,OU=Group Policy OU,DC=pompeii15,DC=net"
Jeffrey,Prouty,so9Vahquei0,jprouty,"OU=Sales,OU=Group Policy OU,DC=pompeii15,DC=net"
James,Quintana,eihieK5ei,jquintana,"OU=Sales,OU=Group Policy OU,DC=pompeii15,DC=net"
Jean,Reed,ii7ooMuo1Bae,jreed,"OU=Sales,OU=Group Policy OU,DC=pompeii15,DC=net"
Juan,Ridgley,"ahhaOU=IT,OU=Group Policy OU,DC=pompeii15,DC=nete8Ki",jridgley,"OU=Sales,OU=Group Policy OU,DC=pompeii15,DC=net"
James,Rose,ai3Cieteech,jrose,"OU=Sales,OU=Group Policy OU,DC=pompeii15,DC=net"
John,Rowe,Aiseir9seish,jrowe,"OU=Sales,OU=Group Policy OU,DC=pompeii15,DC=net"
James,Rowles,Aifeez1moi4,jrowles,"OU=Sales,OU=Group Policy OU,DC=pompeii15,DC=net"
James,Russo,Yej7Jae5,jrusso,"OU=Sales,OU=Group Policy OU,DC=pompeii15,DC=net"
Jesse,Sandler,Pohth1doo,jsandler,"OU=Sales,OU=Group Policy OU,DC=pompeii15,DC=net"
Johnny,Sargent,Ohgisheh1,jsargent,"OU=Sales,OU=Group Policy OU,DC=pompeii15,DC=net"
Joshua,Sifford,aicaeX9o,jsifford,"OU=Sales,OU=Group Policy OU,DC=pompeii15,DC=net"
John,Silvernail,Aehath3k,jsilvernai,"OU=Sales,OU=Group Policy OU,DC=pompeii15,DC=net"
Joseph,"SmOU=IT,OU=Group Policy OU,DC=pompeii15,DC=neth",Aez6ohtei,"jsmOU=IT,OU=Group Policy OU,DC=pompeii15,DC=neth","OU=Sales,OU=Group Policy OU,DC=pompeii15,DC=net"
Jill,Soto,uiCh8eep7b,jsoto,"OU=Sales,OU=Group Policy OU,DC=pompeii15,DC=net"
Jennifer,Southern,WaeyaeG3oh,jsouthern,"OU=Sales,OU=Group Policy OU,DC=pompeii15,DC=net"
James,Spence,"FOU=IT,OU=Group Policy OU,DC=pompeii15,DC=neth4ieQu",jspence,"OU=Sales,OU=Group Policy OU,DC=pompeii15,DC=net"
Janet,Sprinkle,tie6ohMauw,jsprinkle,"OU=Sales,OU=Group Policy OU,DC=pompeii15,DC=net"
Jeremy,Stephen,Aing3ieC7b,jstephen,"OU=Sales,OU=Group Policy OU,DC=pompeii15,DC=net"
Janice,Stern,VeiQuox5Que,jstern,"OU=Sales,OU=Group Policy OU,DC=pompeii15,DC=net"
John,Steves,Eiri8phoh,jsteves,"OU=Sales,OU=Group Policy OU,DC=pompeii15,DC=net"
John,Stinson,zaedich4aePh,jstinson,"OU=Sales,OU=Group Policy OU,DC=pompeii15,DC=net"
Joey,Story,waiqu2Vei,jstory,"OU=Sales,OU=Group Policy OU,DC=pompeii15,DC=net"
Jennifer,Strickland,oeSaigh6,jstricklan,"OU=Sales,OU=Group Policy OU,DC=pompeii15,DC=net"
James,Sumler,seisoquoh4U,jsumler,"OU=Sales,OU=Group Policy OU,DC=pompeii15,DC=net"
Janet,Swarthout,uToo6jeeb2oo,jswarthout,"OU=Sales,OU=Group Policy OU,DC=pompeii15,DC=net"
Joyce,Tabor,uyo5Ez6ei,jtabor,"OU=Sales,OU=Group Policy OU,DC=pompeii15,DC=net"
Jed,Therrien,Yeinee0AhSh,jtherrien,"OU=Sales,OU=Group Policy OU,DC=pompeii15,DC=net"
James,Thompson,siesh1Die,jthompson,"OU=Sales,OU=Group Policy OU,DC=pompeii15,DC=net"
Jeffrey,Till,peh3Baesu,jtill,"OU=Sales,OU=Group Policy OU,DC=pompeii15,DC=net"
James,Tucker,Jo2Hiechie,jtucker,"OU=Sales,OU=Group Policy OU,DC=pompeii15,DC=net"
James,Turner,Bie1xaeb3,jturner,"OU=Sales,OU=Group Policy OU,DC=pompeii15,DC=net"
John,Vasquez,su8Yie7xe1,jvasquez,"OU=Sales,OU=Group Policy OU,DC=pompeii15,DC=net"
James,Villareal,oonie4Ish,jvillareal,"OU=Sales,OU=Group Policy OU,DC=pompeii15,DC=net"
Jason,Vincent,eetieQu5ofe,jvincent,"OU=Sales,OU=Group Policy OU,DC=pompeii15,DC=net"
Jennifer,Voigt,ieLai1xu2,jvoigt,"OU=Sales,OU=Group Policy OU,DC=pompeii15,DC=net"
Joey,Watson,qua6Oe3Eequ,jwatson,"OU=Sales,OU=Group Policy OU,DC=pompeii15,DC=net"
James,Watts,Iequ4eu7,jwatts,"OU=Sales,OU=Group Policy OU,DC=pompeii15,DC=net"
Jacob,Wells,XeNgo5at5oh,jwells,"OU=Sales,OU=Group Policy OU,DC=pompeii15,DC=net"
Jim,"WhOU=IT,OU=Group Policy OU,DC=pompeii15,DC=netaker",ahk6waiKoh,"jwhOU=IT,OU=Group Policy OU,DC=pompeii15,DC=netaker","OU=Sales,OU=Group Policy OU,DC=pompeii15,DC=net"
John,Wiggins,eil3jai7loV,jwiggins,"OU=Sales,OU=Group Policy OU,DC=pompeii15,DC=net"
"JudOU=IT,OU=Group Policy OU,DC=pompeii15,DC=neth",Williams,Dopheik6ai,jwilliams,"OU=Sales,OU=Group Policy OU,DC=pompeii15,DC=net"
Jane,Wilson,Eileey1aZah,jwilson,"OU=Sales,OU=Group Policy OU,DC=pompeii15,DC=net"
James,Young,aiChah4Tou,jyoung,"OU=Sales,OU=Group Policy OU,DC=pompeii15,DC=net"
Kylie,Adams,shu0ge7J,kadams,"OU=Sales,OU=Group Policy OU,DC=pompeii15,DC=net"
Kristine,Best,Iaj7phohHao,kbest,"OU=Sales,OU=Group Policy OU,DC=pompeii15,DC=net"
Kristin,Bowden,ohz3zeegh4Ia,kbowden,"OU=Sales,OU=Group Policy OU,DC=pompeii15,DC=net"
Kevin,Butler,vei2hah3Vuf,kbutler,"OU=Sales,OU=Group Policy OU,DC=pompeii15,DC=net"
Kelly,Carter,zohngie7Ae,kcarter,"OU=Sales,OU=Group Policy OU,DC=pompeii15,DC=net"
Kenneth,Casey,FiNgiy4ah,kcasey,"OU=Sales,OU=Group Policy OU,DC=pompeii15,DC=net"
Kevin,Coleman,iS4Ufohf,kcoleman,"OU=Sales,OU=Group Policy OU,DC=pompeii15,DC=net"
Kelly,Conway,Emeengie5ai,kconway,"OU=Sales,OU=Group Policy OU,DC=pompeii15,DC=net"
Kevin,Crisp,NeSh9kie5och,kcrisp,"OU=Sales,OU=Group Policy OU,DC=pompeii15,DC=net"
Karen,Duran,nie8ujaeSh7,kduran,"OU=Sales,OU=Group Policy OU,DC=pompeii15,DC=net"
Kim,Earnshaw,LoZei3solah,kearnshaw,"OU=Sales,OU=Group Policy OU,DC=pompeii15,DC=net"
Ken,Epps,Eijoh6Oo,kepps,"OU=Sales,OU=Group Policy OU,DC=pompeii15,DC=net"
Karla,Garcia,Aemeiy7ahy,kgarcia,"OU=Sales,OU=Group Policy OU,DC=pompeii15,DC=net"
Karen,Geer,OPii7peN5ei,kgeer,"OU=Sales,OU=Group Policy OU,DC=pompeii15,DC=net"
"KeOU=IT,OU=Group Policy OU,DC=pompeii15,DC=neth",Graham,Aihah2th,kgraham,"OU=Sales,OU=Group Policy OU,DC=pompeii15,DC=net"
Kenneth,Guy,ohzeT9OoCh,kguy,"OU=Sales,OU=Group Policy OU,DC=pompeii15,DC=net"
Kirk,Hankins,Zaibahs8i,khankins,"OU=Sales,OU=Group Policy OU,DC=pompeii15,DC=net"
Kristin,Keeling,aebaach5Gu,kkeeling,"OU=Sales,OU=Group Policy OU,DC=pompeii15,DC=net"
Kimberly,Lamp,cha2cohfai1X,klamp,"OU=Sales,OU=Group Policy OU,DC=pompeii15,DC=net"
Katherine,Leger,Quash5oo,kleger,"OU=Sales,OU=Group Policy OU,DC=pompeii15,DC=net"
Kelly,Lenoir,jeeSie5Ohf,klenoir,"OU=Sales,OU=Group Policy OU,DC=pompeii15,DC=net"
Kandi,"MaOU=HR,OU=Group Policy OU,DC=pompeii15,DC=net",bieMiaTh9,"kmaOU=HR,OU=Group Policy OU,DC=pompeii15,DC=net","OU=Sales,OU=Group Policy OU,DC=pompeii15,DC=net"
Kate,Mandel,aeSo9Aex5sh,kmandel,"OU=Sales,OU=Group Policy OU,DC=pompeii15,DC=net"
Kelly,Mann,"eOU=IT,OU=Group Policy OU,DC=pompeii15,DC=netohh9C",kmann,"OU=Sales,OU=Group Policy OU,DC=pompeii15,DC=net"
Kimberly,Mathis,zeichoC2ooZ,kmathis,"OU=Sales,OU=Group Policy OU,DC=pompeii15,DC=net"
Karen,Matthews,mahv1shuK,kmatthews,"OU=Sales,OU=Group Policy OU,DC=pompeii15,DC=net"
Kay,McGraw,jaac3iiCah,kmcgraw,"OU=Sales,OU=Group Policy OU,DC=pompeii15,DC=net"
Kimberly,Moyer,Ou7Ieng8Ee,kmoyer,"OU=Sales,OU=Group Policy OU,DC=pompeii15,DC=net"
Katherine,"NesbOU=IT,OU=Group Policy OU,DC=pompeii15,DC=nett",Nuzo2vei,"knesbOU=IT,OU=Group Policy OU,DC=pompeii15,DC=nett","OU=Sales,OU=Group Policy OU,DC=pompeii15,DC=net"
Kirk,Norman,ve4aiv4B,knorman,"OU=Sales,OU=Group Policy OU,DC=pompeii15,DC=net"
Kimberly,Olszewski,AfeeVoo3,kolszewski,"OU=Sales,OU=Group Policy OU,DC=pompeii15,DC=net"
Kenneth,Patricio,booPhoo2wei3,kpatricio,"OU=Sales,OU=Group Policy OU,DC=pompeii15,DC=net"
Kelly,Roberts,"aOU=HR,OU=Group Policy OU,DC=pompeii15,DC=netaet3quiJah",kroberts,"OU=Sales,OU=Group Policy OU,DC=pompeii15,DC=net"
Kristen,Tom,oZaiquai8N,ktom,"OU=Sales,OU=Group Policy OU,DC=pompeii15,DC=net"
Kevin,Westlake,rahMi0oh,kwestlake,"OU=Sales,OU=Group Policy OU,DC=pompeii15,DC=net"
Katie,Williams,Egh6Bei3eC,kwilliams,"OU=Sales,OU=Group Policy OU,DC=pompeii15,DC=net"
Kent,Wilson,roXauhiem5,kwilson,"OU=Sales,OU=Group Policy OU,DC=pompeii15,DC=net"
Larry,Amidon,wao2ango5Ae,lamidon,"OU=Sales,OU=Group Policy OU,DC=pompeii15,DC=net"
Lloyd,Bean,Aing9aiVah,lbean,"OU=Sales,OU=Group Policy OU,DC=pompeii15,DC=net"
Laura,Calderon,vee9Jo7ieh,lcalderon,"OU=Sales,OU=Group Policy OU,DC=pompeii15,DC=net"
Laura,Chapa,ohSh5ivahwah,lchapa,"OU=Sales,OU=Group Policy OU,DC=pompeii15,DC=net"
Leann,"COU=HR,OU=Group Policy OU,DC=pompeii15,DC=netistensen",eik3Ieb2e,"lcOU=HR,OU=Group Policy OU,DC=pompeii15,DC=netistens","OU=Sales,OU=Group Policy OU,DC=pompeii15,DC=net"
Lauren,Cruz,DeeK3oi9too,lcruz,"OU=Sales,OU=Group Policy OU,DC=pompeii15,DC=net"
Latisha,Dang,engeiPh1ch,ldang,"OU=Sales,OU=Group Policy OU,DC=pompeii15,DC=net"
Linda,Davis,ouFu2iKai7ai,ldavis,"OU=Sales,OU=Group Policy OU,DC=pompeii15,DC=net"
Les,Doherty,aiR7teeph,ldoherty,"OU=Sales,OU=Group Policy OU,DC=pompeii15,DC=net"
Lena,Dunlap,seeYahBoo2x,ldunlap,"OU=Sales,OU=Group Policy OU,DC=pompeii15,DC=net"
Lula,Edwards,OinaePamu3,ledwards,"OU=Sales,OU=Group Policy OU,DC=pompeii15,DC=net"
Lucille,Etheridge,aL6maes2ii,letheridge,"OU=Sales,OU=Group Policy OU,DC=pompeii15,DC=net"
Lawrence,Fisher,ooK8IeTh,lfisher,"OU=Sales,OU=Group Policy OU,DC=pompeii15,DC=net"
Latasha,Gaines,rohng8Ceegh,lgaines,"OU=Sales,OU=Group Policy OU,DC=pompeii15,DC=net"
Lizzie,Gonzales,bei2thuJ,lgonzales,"OU=Sales,OU=Group Policy OU,DC=pompeii15,DC=net"
Lawrence,Gonzalez,eh5Cohleet9,lgonzalez,"OU=Sales,OU=Group Policy OU,DC=pompeii15,DC=net"
Latonya,Gregory,Eim6he7lu,lgregory,"OU=Sales,OU=Group Policy OU,DC=pompeii15,DC=net"
Lorriane,Hackett,Ieghei2ieng,lhackett,"OU=Sales,OU=Group Policy OU,DC=pompeii15,DC=net"
Leroy,Hatch,aej7Kaic,lhatch,"OU=Sales,OU=Group Policy OU,DC=pompeii15,DC=net"
Lorenzo,Helsel,xoqueishieY9,lhelsel,"OU=Sales,OU=Group Policy OU,DC=pompeii15,DC=net"
Larry,Huey,EeGhuch1k,lhuey,"OU=Sales,OU=Group Policy OU,DC=pompeii15,DC=net"
Linda,Joyner,muo3Cahz0ei,ljoyner,"OU=Sales,OU=Group Policy OU,DC=pompeii15,DC=net"
Lynn,Kelly,xil9aTai8u,lkelly,"OU=Sales,OU=Group Policy OU,DC=pompeii15,DC=net"
Lillian,Knapp,Xae7te4oh,lknapp,"OU=Sales,OU=Group Policy OU,DC=pompeii15,DC=net"
Laura,Lovelace,"UOU=IT,OU=Group Policy OU,DC=pompeii15,DC=neth4Ohfei",llovelace,"OU=Sales,OU=Group Policy OU,DC=pompeii15,DC=net"
Lois,Martin,imo4ieHee,lmartin,"OU=Sales,OU=Group Policy OU,DC=pompeii15,DC=net"
Louise,Medina,shoo0Pagah,lmedina,"OU=Sales,OU=Group Policy OU,DC=pompeii15,DC=net"
Lori,Oliver,eiVungou5th,loliver,"OU=Sales,OU=Group Policy OU,DC=pompeii15,DC=net"
Latoya,Osteen,ahD3koo5aiSh,losteen,"OU=Sales,OU=Group Policy OU,DC=pompeii15,DC=net"
Lewis,Pang,uu9Efie8m,lpang,"OU=Sales,OU=Group Policy OU,DC=pompeii15,DC=net"
Lawrence,Parise,ta1Az1iush6ae,lparise,"OU=Sales,OU=Group Policy OU,DC=pompeii15,DC=net"
Larry,Patrick,iuqu2Hoh5ie,lpatrick,"OU=Sales,OU=Group Policy OU,DC=pompeii15,DC=net"
Laura,Prestridge,jae4ahK0nee,lprestridg,"OU=Sales,OU=Group Policy OU,DC=pompeii15,DC=net"
Lynne,Reid,Leixaik0ah,lreid,"OU=Sales,OU=Group Policy OU,DC=pompeii15,DC=net"
Lisa,Reyes,ahg5baSh2fai,lreyes,"OU=Sales,OU=Group Policy OU,DC=pompeii15,DC=net"
Lynn,Riggio,Gir6co9uiZo,lriggio,"OU=Sales,OU=Group Policy OU,DC=pompeii15,DC=net"
Luis,Robertson,Pohcagh3,lrobertson,"OU=Sales,OU=Group Policy OU,DC=pompeii15,DC=net"
Lloyd,Rueter,eig6Iej1T,lrueter,"OU=Sales,OU=Group Policy OU,DC=pompeii15,DC=net"
Lisa,"SmOU=IT,OU=Group Policy OU,DC=pompeii15,DC=neth",Chei2pee4oo,"lsmOU=IT,OU=Group Policy OU,DC=pompeii15,DC=neth","OU=Sales,OU=Group Policy OU,DC=pompeii15,DC=net"
Leslie,Staff,ohh4KohDud4,lstaff,"OU=Sales,OU=Group Policy OU,DC=pompeii15,DC=net"
Lynn,Standridge,quooph1ahX7m,lstandridg,"OU=Sales,OU=Group Policy OU,DC=pompeii15,DC=net"
Lynn,Stout,OQu9Et0l,lstout,"OU=Sales,OU=Group Policy OU,DC=pompeii15,DC=net"
Louis,Taylor,"Ao3laOU=IT,OU=Group Policy OU,DC=pompeii15,DC=netaix",ltaylor,"OU=Sales,OU=Group Policy OU,DC=pompeii15,DC=net"
Luis,Torrence,wahwee9Vae,ltorrence,"OU=Sales,OU=Group Policy OU,DC=pompeii15,DC=net"
Lucille,Torrez,eiChal1mie,ltorrez,"OU=Sales,OU=Group Policy OU,DC=pompeii15,DC=net"
Lynette,Turner,shiW3Phai1e,lturner,"OU=Sales,OU=Group Policy OU,DC=pompeii15,DC=net"
Leatha,Walker,oeYia1yeeXah,lwalker,"OU=Sales,OU=Group Policy OU,DC=pompeii15,DC=net"
Lorene,Watts,eis4eghoj3Ie,lwatts,"OU=Sales,OU=Group Policy OU,DC=pompeii15,DC=net"
Leona,Wilcox,eiy9ahLah,lwilcox,"OU=Sales,OU=Group Policy OU,DC=pompeii15,DC=net"
Larry,You,iegih3eS5,lyou,"OU=Sales,OU=Group Policy OU,DC=pompeii15,DC=net"
Melissa,Arnold,quoof6thuiD,marnold,"OU=Sales,OU=Group Policy OU,DC=pompeii15,DC=net"
Margaret,Audette,TheiW1Aij,maudette,"OU=Sales,OU=Group Policy OU,DC=pompeii15,DC=net"
Marvin,Austin,caeg7iF9,maustin,"OU=Sales,OU=Group Policy OU,DC=pompeii15,DC=net"
Marvin,Baker,Aewei8VeeQu,mbaker,"OU=Sales,OU=Group Policy OU,DC=pompeii15,DC=net"
Mary,Barnes,Thoongo2qu,mbarnes,"OU=Sales,OU=Group Policy OU,DC=pompeii15,DC=net"
Megan,Berg,Ees8chax5u,mberg,"OU=Sales,OU=Group Policy OU,DC=pompeii15,DC=net"
Mary,Blunt,Eivohshe3th,mblunt,"OU=Sales,OU=Group Policy OU,DC=pompeii15,DC=net"
Mae,Bogart,Oohiez6ei,mbogart,"OU=Sales,OU=Group Policy OU,DC=pompeii15,DC=net"
Megan,Bostick,oc4Oo2ei,mbostick,"OU=Sales,OU=Group Policy OU,DC=pompeii15,DC=net"
Marie,Brasher,if5Ach2qu,mbrasher,"OU=Sales,OU=Group Policy OU,DC=pompeii15,DC=net"
Melissa,Brooks,keeChoh1ah,mbrooks,"OU=Sales,OU=Group Policy OU,DC=pompeii15,DC=net"
Monica,Brown,Chei3oogaij,mbrown,"OU=Sales,OU=Group Policy OU,DC=pompeii15,DC=net"
Mike,Buckner,tuxaeD1wohz,mbuckner,"OU=Sales,OU=Group Policy OU,DC=pompeii15,DC=net"
Michelle,Bukowski,fa7ohph9H,mbukowski,"OU=Sales,OU=Group Policy OU,DC=pompeii15,DC=net"
Mike,Caldwell,OoReequ8aig,mcaldwell,"OU=Sales,OU=Group Policy OU,DC=pompeii15,DC=net"
Matthew,Calhoun,iCie7jaiR,mcalhoun,"OU=Sales,OU=Group Policy OU,DC=pompeii15,DC=net"
Maria,Chavez,ohzem2Dah3,mchavez,"OU=Sales,OU=Group Policy OU,DC=pompeii15,DC=net"
Martha,Cook,aizei9pu1Oo,mcook,"OU=Sales,OU=Group Policy OU,DC=pompeii15,DC=net"
Marcus,Cooper,Ohmieng4i,mcooper,"OU=Sales,OU=Group Policy OU,DC=pompeii15,DC=net"
Mona,Cousins,ohQuo8xou1j,mcousins,"OU=Sales,OU=Group Policy OU,DC=pompeii15,DC=net"
Merrill,Cruz,Ied3aiCax,mcruz,"OU=Sales,OU=Group Policy OU,DC=pompeii15,DC=net"
Mariela,Davis,VioNo6IXahk,mdavis,"OU=Sales,OU=Group Policy OU,DC=pompeii15,DC=net"
Mohammad,Dawson,Saiph1Soy3,mdawson,"OU=Sales,OU=Group Policy OU,DC=pompeii15,DC=net"
Michael,Driver,"aOU=IT,OU=Group Policy OU,DC=pompeii15,DC=netiL8aer",mdriver,"OU=Sales,OU=Group Policy OU,DC=pompeii15,DC=net"
Michael,Durrett,Vied4eed,mdurrett,"OU=Sales,OU=Group Policy OU,DC=pompeii15,DC=net"
Michele,Eason,ce3Difei7E,meason,"OU=Sales,OU=Group Policy OU,DC=pompeii15,DC=net"
Michel,Edwards,ooquie3JuWi,medwards,"OU=Sales,OU=Group Policy OU,DC=pompeii15,DC=net"
Marjorie,English,Eishen5gai,menglish,"OU=Sales,OU=Group Policy OU,DC=pompeii15,DC=net"
Michael,Esparza,shai2eew9Oh,mesparza,"OU=Sales,OU=Group Policy OU,DC=pompeii15,DC=net"
Meagan,Frank,wueg5HeeB8,mfrank,"OU=Sales,OU=Group Policy OU,DC=pompeii15,DC=net"
Miguel,Funk,saed4bahNgoo,mfunk,"OU=Sales,OU=Group Policy OU,DC=pompeii15,DC=net"
Mary,Gastelum,quu1IeP4o,mgastelum,"OU=Sales,OU=Group Policy OU,DC=pompeii15,DC=net"
Maryanne,Gibson,amuz0aimaSh,mgibson,"OU=Sales,OU=Group Policy OU,DC=pompeii15,DC=net"
Matthew,Gilmour,AxeeTh2cha,mgilmour,"OU=Sales,OU=Group Policy OU,DC=pompeii15,DC=net"
Michael,Green,EiY3ohng6th,mgreen,"OU=Sales,OU=Group Policy OU,DC=pompeii15,DC=net"
Michael,Hamilton,sai6uvu4Eo,mhamilton,"OU=Sales,OU=Group Policy OU,DC=pompeii15,DC=net"
Matthew,Harper,ohNg8vix5ai,mharper,"OU=Sales,OU=Group Policy OU,DC=pompeii15,DC=net"
Mark,Haskell,ahmashoGh6,mhaskell,"OU=Sales,OU=Group Policy OU,DC=pompeii15,DC=net"
Marilyn,Hickey,Aeniu1phei,mhickey,"OU=Sales,OU=Group Policy OU,DC=pompeii15,DC=net"
Michelle,Hill,Eiboon4Lie,mhill,"OU=Sales,OU=Group Policy OU,DC=pompeii15,DC=net"
Marilyn,Hilton,Theejo5Aef7,mhilton,"OU=Sales,OU=Group Policy OU,DC=pompeii15,DC=net"
Michael,Hollingsworth,Weexahw7wah,mhollingsw,"OU=Sales,OU=Group Policy OU,DC=pompeii15,DC=net"
Melissa,Johnson,no3seac1ieY,mjohnson,"OU=Sales,OU=Group Policy OU,DC=pompeii15,DC=net"
Marie,Jones,aejie6Giequ,mjones,"OU=Sales,OU=Group Policy OU,DC=pompeii15,DC=net"
Manuel,Kimbrough,IeShee8m,mkimbrough,"OU=Sales,OU=Group Policy OU,DC=pompeii15,DC=net"
Mark,Kinard,Iezi1lioW9l,mkinard,"OU=Sales,OU=Group Policy OU,DC=pompeii15,DC=net"
Margaretta,Knight,phachaX3mi,mknight,"OU=Sales,OU=Group Policy OU,DC=pompeii15,DC=net"
Mary,Konopka,Cho2haeMohm,mkonopka,"OU=Sales,OU=Group Policy OU,DC=pompeii15,DC=net"
Mary,Lynn,yah5Keequie4,mlynn,"OU=Sales,OU=Group Policy OU,DC=pompeii15,DC=net"
Mildred,Mendenhall,iSh8gaim,mmendenhal,"OU=Sales,OU=Group Policy OU,DC=pompeii15,DC=net"
Marcus,Mims,oGae7Sas,mmims,"OU=Sales,OU=Group Policy OU,DC=pompeii15,DC=net"
Michelle,Morales,tie6AiPhi3ae,mmorales,"OU=Sales,OU=Group Policy OU,DC=pompeii15,DC=net"
Marie,Morrow,aep8OePieno,mmorrow,"OU=Sales,OU=Group Policy OU,DC=pompeii15,DC=net"
Maria,Mui,Keekaech0sh,mmui,"OU=Sales,OU=Group Policy OU,DC=pompeii15,DC=net"
Maureen,Osterhout,naeF4ana2y,mosterhout,"OU=Sales,OU=Group Policy OU,DC=pompeii15,DC=net"
Minnie,Pohlman,Ju0pheiWohB,mpohlman,"OU=Sales,OU=Group Policy OU,DC=pompeii15,DC=net"
Mercedes,Powell,ooQuu4kae,mpowell,"OU=Sales,OU=Group Policy OU,DC=pompeii15,DC=net"
Mary,"PruOU=IT,OU=Group Policy OU,DC=pompeii15,DC=nett",theiph4Qu,"mpruOU=IT,OU=Group Policy OU,DC=pompeii15,DC=nett","OU=Sales,OU=Group Policy OU,DC=pompeii15,DC=net"
Melody,Pugh,loegoqu7Ohl,mpugh,"OU=Sales,OU=Group Policy OU,DC=pompeii15,DC=net"
Mindy,Quarles,iKohnieri2sh,mquarles,"OU=Sales,OU=Group Policy OU,DC=pompeii15,DC=net"
Minnie,Raynor,vai3Aiwe,mraynor,"OU=Sales,OU=Group Policy OU,DC=pompeii15,DC=net"
Mario,Reed,Leayaequ7nai,mreed,"OU=Sales,OU=Group Policy OU,DC=pompeii15,DC=net"
Melissa,Regalado,JeeJi3fohk8,mregalado,"OU=Sales,OU=Group Policy OU,DC=pompeii15,DC=net"
Marci,Rhoton,fie9OaReiv,mrhoton,"OU=Sales,OU=Group Policy OU,DC=pompeii15,DC=net"
Madeline,Richardson,ePh9ceiL7lee,mrichardso,"OU=Sales,OU=Group Policy OU,DC=pompeii15,DC=net"
Mary,Riggins,oor4AD5is,mriggins,"OU=Sales,OU=Group Policy OU,DC=pompeii15,DC=net"
Melvin,Roberson,heg4Lu0hael,mroberson,"OU=Sales,OU=Group Policy OU,DC=pompeii15,DC=net"
Maynard,Rodriguez,quoibaiP5,mrodriguez,"OU=Sales,OU=Group Policy OU,DC=pompeii15,DC=net"
Mary,Roof,oongaleK7o,mroof,"OU=Sales,OU=Group Policy OU,DC=pompeii15,DC=net"
Mary,Rooker,"OU=IT,OU=Group Policy OU,DC=pompeii15,DC=nethahWai1x",mrooker,"OU=Sales,OU=Group Policy OU,DC=pompeii15,DC=net"
Marcus,Ruano,ogheiy1Ph,mruano,"OU=Sales,OU=Group Policy OU,DC=pompeii15,DC=net"
Maria,Schuler,Maij7aiYi0,mschuler,"OU=Sales,OU=Group Policy OU,DC=pompeii15,DC=net"
Margaret,Sharp,si8Nenub,msharp,"OU=Sales,OU=Group Policy OU,DC=pompeii15,DC=net"
Mark,Sheehy,ageem9ieP1r,msheehy,"OU=Sales,OU=Group Policy OU,DC=pompeii15,DC=net"
Mary,Shortt,Phoh4zaeth,mshortt,"OU=Sales,OU=Group Policy OU,DC=pompeii15,DC=net"
Mary,Smart,Zoojo2joo,msmart,"OU=Sales,OU=Group Policy OU,DC=pompeii15,DC=net"
Martha,Spurlock,vee9yohTh0lai,mspurlock,"OU=Sales,OU=Group Policy OU,DC=pompeii15,DC=net"
Mae,Steinke,feij4Eegh,msteinke,"OU=Sales,OU=Group Policy OU,DC=pompeii15,DC=net"
Marion,Striplin,aaP3Iqu7meh,mstriplin,"OU=Sales,OU=Group Policy OU,DC=pompeii15,DC=net"
Myrna,Taylor,jaiMae6oo,mtaylor,"OU=Sales,OU=Group Policy OU,DC=pompeii15,DC=net"
Michael,"TOU=HR,OU=Group Policy OU,DC=pompeii15,DC=netash",ELu0uzaip,"mtOU=HR,OU=Group Policy OU,DC=pompeii15,DC=netash","OU=Sales,OU=Group Policy OU,DC=pompeii15,DC=net"
Myra,Timm,Toil9shai1a,mtimm,"OU=Sales,OU=Group Policy OU,DC=pompeii15,DC=net"
Margie,Tow,ieJied8ug9w,mtow,"OU=Sales,OU=Group Policy OU,DC=pompeii15,DC=net"
Muriel,Vandorn,oongaisa9ooN,mvandorn,"OU=Sales,OU=Group Policy OU,DC=pompeii15,DC=net"
Martha,Verdugo,Aesei3Lo,mverdugo,"OU=Sales,OU=Group Policy OU,DC=pompeii15,DC=net"
Mary,Wenzel,Uch8ohTh5,mwenzel,"OU=Sales,OU=Group Policy OU,DC=pompeii15,DC=net"
Max,West,ahquoHa6Es9,mwest,"OU=Sales,OU=Group Policy OU,DC=pompeii15,DC=net"
Mary,"WhOU=IT,OU=Group Policy OU,DC=pompeii15,DC=nettier",ye2daeChae,"mwhOU=IT,OU=Group Policy OU,DC=pompeii15,DC=nettier","OU=Sales,OU=Group Policy OU,DC=pompeii15,DC=net"
Marilyn,Wolter,liu8Oo0Am,mwolter,"OU=Sales,OU=Group Policy OU,DC=pompeii15,DC=net"
Max,Wood,bahtheizu1Ae,mwood,"OU=Sales,OU=Group Policy OU,DC=pompeii15,DC=net"
Michael,Wuest,miP5roo2oh,mwuest,"OU=Sales,OU=Group Policy OU,DC=pompeii15,DC=net"
Neil,Adams,jiec2aiCh,nadams,"OU=Sales,OU=Group Policy OU,DC=pompeii15,DC=net"
Norman,Burden,Soobush4ha,nburden,"OU=Sales,OU=Group Policy OU,DC=pompeii15,DC=net"
Nicole,Butler,ahGioZid0,nbutler,"OU=Sales,OU=Group Policy OU,DC=pompeii15,DC=net"
Norman,Carney,ohPh8eikoe5,ncarney,"OU=Sales,OU=Group Policy OU,DC=pompeii15,DC=net"
Nadine,Carter,ahmi4Heiwee,ncarter,"OU=Sales,OU=Group Policy OU,DC=pompeii15,DC=net"
Natasha,"CrOU=IT,OU=Group Policy OU,DC=pompeii15,DC=netes",iev1eiGhaNg,"ncrOU=IT,OU=Group Policy OU,DC=pompeii15,DC=netes","OU=Sales,OU=Group Policy OU,DC=pompeii15,DC=net"
Nathan,Ellis,nix0mahFohx,nellis,"OU=Sales,OU=Group Policy OU,DC=pompeii15,DC=net"
Nancy,Gray,Aiqu5zeare,ngray,"OU=Sales,OU=Group Policy OU,DC=pompeii15,DC=net"
Nicholas,Halley,aebees0eeG3,nhalley,"OU=Sales,OU=Group Policy OU,DC=pompeii15,DC=net"
Naomi,Lawson,MaghiiRez6,nlawson,"OU=Sales,OU=Group Policy OU,DC=pompeii15,DC=net"
Naomi,McCall,reeS8yoh,nmccall,"OU=Sales,OU=Group Policy OU,DC=pompeii15,DC=net"
Nicole,Melvin,pongee1Ee,nmelvin,"OU=Sales,OU=Group Policy OU,DC=pompeii15,DC=net"
Nicholas,Presley,ooRi6gei7ei,npresley,"OU=Sales,OU=Group Policy OU,DC=pompeii15,DC=net"
Norman,Salgado,ahw0wo3Ichoh,nsalgado,"OU=Sales,OU=Group Policy OU,DC=pompeii15,DC=net"
Oscar,Andrews,aeX6feeZai8o,oandrews,"OU=Sales,OU=Group Policy OU,DC=pompeii15,DC=net"
Otis,Mahan,Naifich5,omahan,"OU=Sales,OU=Group Policy OU,DC=pompeii15,DC=net"
Oliver,Mahoney,Uvoo6phoh,omahoney,"OU=Sales,OU=Group Policy OU,DC=pompeii15,DC=net"
Oscar,Velasquez,sie5eCh3u,ovelasquez,"OU=Sales,OU=Group Policy OU,DC=pompeii15,DC=net"
Pamela,Battle,GaGh6xohHah,pbattle,"OU=Sales,OU=Group Policy OU,DC=pompeii15,DC=net"
Paul,Bell,aetae3aed3Sah,pbell,"OU=Sales,OU=Group Policy OU,DC=pompeii15,DC=net"
Patsy,Benson,dei5ahG1,pbenson,"OU=Sales,OU=Group Policy OU,DC=pompeii15,DC=net"
Priscilla,Bona,iig8aB6Ju,pbona,"OU=Sales,OU=Group Policy OU,DC=pompeii15,DC=net"
Paul,Duplessis,Duphae4di0,pduplessis,"OU=Sales,OU=Group Policy OU,DC=pompeii15,DC=net"
Pat,Dyer,"iegoOU=HR,OU=Group Policy OU,DC=pompeii15,DC=net6ooSo",pdyer,"OU=Sales,OU=Group Policy OU,DC=pompeii15,DC=net"
Pete,Felts,aiphooghoL3,pfelts,"OU=Sales,OU=Group Policy OU,DC=pompeii15,DC=net"
Patricia,Gonzalez,vieGahw6bi0,pgonzalez,"OU=Sales,OU=Group Policy OU,DC=pompeii15,DC=net"
Patrick,Harrison,au5Ohjievui,pharrison,"OU=Sales,OU=Group Policy OU,DC=pompeii15,DC=net"
Phillip,Hensel,Jauc7pheib,phensel,"OU=Sales,OU=Group Policy OU,DC=pompeii15,DC=net"
Percy,Herrick,iaWiV6ohxah,pherrick,"OU=Sales,OU=Group Policy OU,DC=pompeii15,DC=net"
Peter,Jackson,Jao2Aeju,pjackson,"OU=Sales,OU=Group Policy OU,DC=pompeii15,DC=net"
Paula,Jones,tohj1eSheep,pjones,"OU=Sales,OU=Group Policy OU,DC=pompeii15,DC=net"
Peter,Keister,ahBie5aen2e,pkeister,"OU=Sales,OU=Group Policy OU,DC=pompeii15,DC=net"
Pamela,Kirschner,AefooxeeB7sh,pkirschner,"OU=Sales,OU=Group Policy OU,DC=pompeii15,DC=net"
Priscilla,Krantz,ieS2hee3ah,pkrantz,"OU=Sales,OU=Group Policy OU,DC=pompeii15,DC=net"
Patrick,McKinney,eR7quahsh,pmckinney,"OU=Sales,OU=Group Policy OU,DC=pompeii15,DC=net"
Pearl,Miller,aph3Hocai,pmiller,"OU=Sales,OU=Group Policy OU,DC=pompeii15,DC=net"
Phyllis,Moore,Othai6hieQu,pmoore,"OU=Sales,OU=Group Policy OU,DC=pompeii15,DC=net"
Patricia,Parker,eSu8eiy9eel,pparker,"OU=Sales,OU=Group Policy OU,DC=pompeii15,DC=net"
Paul,Perez,no3Ieh0yei,pperez,"OU=Sales,OU=Group Policy OU,DC=pompeii15,DC=net"
Paul,Prout,Shu0lieThie,pprout,"OU=Sales,OU=Group Policy OU,DC=pompeii15,DC=net"
Patricia,Purcell,Leijaixe8sh,ppurcell,"OU=Sales,OU=Group Policy OU,DC=pompeii15,DC=net"
Paul,Redden,Mei1ohngah,predden,"OU=Sales,OU=Group Policy OU,DC=pompeii15,DC=net"
Pauline,Rice,nac9xae4Oor7,price,"OU=Sales,OU=Group Policy OU,DC=pompeii15,DC=net"
Peter,Richard,Boht4eedaeng,prichard,"OU=Sales,OU=Group Policy OU,DC=pompeii15,DC=net"
Patricia,Taylor,cheinahT9Oo,ptaylor,"OU=Sales,OU=Group Policy OU,DC=pompeii15,DC=net"
Paula,West,Teihaque1,pwest,"OU=Sales,OU=Group Policy OU,DC=pompeii15,DC=net"
Patricia,Williams,Jei6do2wecah,pwilliams,"OU=Sales,OU=Group Policy OU,DC=pompeii15,DC=net"
Peggy,Wilson,Nein6laph,pwilson,"OU=Sales,OU=Group Policy OU,DC=pompeii15,DC=net"
Patrick,"ZurOU=IT,OU=Group Policy OU,DC=pompeii15,DC=neta",Nei2ohga,"pzurOU=IT,OU=Group Policy OU,DC=pompeii15,DC=neta","OU=Sales,OU=Group Policy OU,DC=pompeii15,DC=net"
Quincy,Staten,ke3Vei8th,qstaten,"OU=Sales,OU=Group Policy OU,DC=pompeii15,DC=net"
Robert,Adams,pu2aePouy6,radams,"OU=Sales,OU=Group Policy OU,DC=pompeii15,DC=net"
Ralph,Allen,paThauko7ee,rallen,"OU=Sales,OU=Group Policy OU,DC=pompeii15,DC=net"
Rachael,Andress,"Aeth4aezOU=IT,OU=Group Policy OU,DC=pompeii15,DC=netae",randress,"OU=Sales,OU=Group Policy OU,DC=pompeii15,DC=net"
Rhonda,Arrington,ahX2diey,rarrington,"OU=Sales,OU=Group Policy OU,DC=pompeii15,DC=net"
Robert,Ashe,ou5AhNohv5,rashe,"OU=Sales,OU=Group Policy OU,DC=pompeii15,DC=net"
Richard,Baird,iLee1dieTee,rbaird,"OU=Sales,OU=Group Policy OU,DC=pompeii15,DC=net"
Rose,Bell,Oong6ot9ogoo,rbell,"OU=Sales,OU=Group Policy OU,DC=pompeii15,DC=net"
Russell,Boone,iedinaiCh1,rboone,"OU=Sales,OU=Group Policy OU,DC=pompeii15,DC=net"
Robert,Booth,Eiquai0eis,rbooth,"OU=Sales,OU=Group Policy OU,DC=pompeii15,DC=net"
Roberto,Brown,Ok4ainu0,rbrown,"OU=Sales,OU=Group Policy OU,DC=pompeii15,DC=net"
Robert,Burkes,Roh5Ohngahch,rburkes,"OU=Sales,OU=Group Policy OU,DC=pompeii15,DC=net"
Robert,Burnett,ieShaeGhu2,rburnett,"OU=Sales,OU=Group Policy OU,DC=pompeii15,DC=net"
Richard,Call,ien9Oph5,rcall,"OU=Sales,OU=Group Policy OU,DC=pompeii15,DC=net"
Rosalie,Cartwright,eil7auPho3,rcartwrigh,"OU=Sales,OU=Group Policy OU,DC=pompeii15,DC=net"
Ronald,Cary,su1Eireesai,rcary,"OU=Sales,OU=Group Policy OU,DC=pompeii15,DC=net"
Roxanne,"COU=HR,OU=Group Policy OU,DC=pompeii15,DC=netistian",Meich3joh,"rcOU=HR,OU=Group Policy OU,DC=pompeii15,DC=netistian","OU=Sales,OU=Group Policy OU,DC=pompeii15,DC=net"
Robert,Correa,Feleis7nae,rcorrea,"OU=Sales,OU=Group Policy OU,DC=pompeii15,DC=net"
Robert,Crosson,Oa0ex0iung,rcrosson,"OU=Sales,OU=Group Policy OU,DC=pompeii15,DC=net"
Reginald,Dean,moo2Ohgi,rdean,"OU=Sales,OU=Group Policy OU,DC=pompeii15,DC=net"
Robert,Debolt,shaixuK2abei,rdebolt,"OU=Sales,OU=Group Policy OU,DC=pompeii15,DC=net"
Roxanne,Dickinson,Fee1IethoY8,rdickinson,"OU=Sales,OU=Group Policy OU,DC=pompeii15,DC=net"
Rosetta,Fedler,Su2ug0yee4,rfedler,"OU=Sales,OU=Group Policy OU,DC=pompeii15,DC=net"
Raymond,Gonzales,ieC0ohbo6Ke,rgonzales,"OU=Sales,OU=Group Policy OU,DC=pompeii15,DC=net"
Roger,Gowen,Ceij0Mephu,rgowen,"OU=Sales,OU=Group Policy OU,DC=pompeii15,DC=net"
Raymond,Hannah,oo7Yeu5oew,rhannah,"OU=Sales,OU=Group Policy OU,DC=pompeii15,DC=net"
"ROU=IT,OU=Group Policy OU,DC=pompeii15,DC=neta",Hardin,ubieTh0keko,rhardin,"OU=Sales,OU=Group Policy OU,DC=pompeii15,DC=net"
Ricky,Harman,mohngeuT0thahz,rharman,"OU=Sales,OU=Group Policy OU,DC=pompeii15,DC=net"
Ronald,Harris,Og4Pagaht9sh,rharris,"OU=Sales,OU=Group Policy OU,DC=pompeii15,DC=net"
Robert,Harty,vewohM0ie,rharty,"OU=Sales,OU=Group Policy OU,DC=pompeii15,DC=net"
Rickey,Herman,ou6aexag9Ph,rherman,"OU=Sales,OU=Group Policy OU,DC=pompeii15,DC=net"
Rosa,Hernandez,ooBoZa2Qu,rhernandez,"OU=Sales,OU=Group Policy OU,DC=pompeii15,DC=net"
Ruth,Hicks,sheiRu1Ati9,rhicks,"OU=Sales,OU=Group Policy OU,DC=pompeii15,DC=net"
Robin,Hong,at5Puekah,rhong,"OU=Sales,OU=Group Policy OU,DC=pompeii15,DC=net"
Robin,Hubbard,enoo3ahGh,rhubbard,"OU=Sales,OU=Group Policy OU,DC=pompeii15,DC=net"
Ruth,Hughes,OhsiaJo6zoo,rhughes,"OU=Sales,OU=Group Policy OU,DC=pompeii15,DC=net"
Robert,Ismail,wiaGohb2O,rismail,"OU=Sales,OU=Group Policy OU,DC=pompeii15,DC=net"
Roger,Johnson,eeSo7wie9,rjohnson,"OU=Sales,OU=Group Policy OU,DC=pompeii15,DC=net"
Reynaldo,Kellar,aeghi7Li2,rkellar,"OU=Sales,OU=Group Policy OU,DC=pompeii15,DC=net"
Rodney,Kraus,AefieF5w,rkraus,"OU=Sales,OU=Group Policy OU,DC=pompeii15,DC=net"
Rhonda,Ledford,yeeWohSh6air,rledford,"OU=Sales,OU=Group Policy OU,DC=pompeii15,DC=net"
Ronald,Lewis,oh4AhthuTh,rlewis,"OU=Sales,OU=Group Policy OU,DC=pompeii15,DC=net"
Ruby,Livingstone,aiNg3iij7Ee,rlivingsto,"OU=Sales,OU=Group Policy OU,DC=pompeii15,DC=net"
Raymond,Locke,acoPaeh3gae,rlocke,"OU=Sales,OU=Group Policy OU,DC=pompeii15,DC=net"
Roger,Lopez,iu4Iewi8,rlopez,"OU=Sales,OU=Group Policy OU,DC=pompeii15,DC=net"
Robert,Lung,Kie9heishao,rlung,"OU=Sales,OU=Group Policy OU,DC=pompeii15,DC=net"
Robert,Maner,Kaj7wemeigh,rmaner,"OU=Sales,OU=Group Policy OU,DC=pompeii15,DC=net"
Robert,Marin,AeTee0cha6,rmarin,"OU=Sales,OU=Group Policy OU,DC=pompeii15,DC=net"
Ruth,Martinez,da6quai3Wie,rmartinez,"OU=Sales,OU=Group Policy OU,DC=pompeii15,DC=net"
Rose,McDaniel,PooGh6thoo,rmcdaniel,"OU=Sales,OU=Group Policy OU,DC=pompeii15,DC=net"
Ruth,McDougal,eth5Shaj,rmcdougal,"OU=Sales,OU=Group Policy OU,DC=pompeii15,DC=net"
Ron,Mendez,kietah2Vae,rmendez,"OU=Sales,OU=Group Policy OU,DC=pompeii15,DC=net"
Robert,Monroy,Eiduhot9oh,rmonroy,"OU=Sales,OU=Group Policy OU,DC=pompeii15,DC=net"
Raymundo,Moreno,dot0eu5Ohth,rmoreno,"OU=Sales,OU=Group Policy OU,DC=pompeii15,DC=net"
Rufus,Ortega,OohieG2qu,rortega,"OU=Sales,OU=Group Policy OU,DC=pompeii15,DC=net"
Ricky,Perrigo,Xee0EgiCiequ,rperrigo,"OU=Sales,OU=Group Policy OU,DC=pompeii15,DC=net"
Rebecca,Peterson,aiF2je1i,rpeterson,"OU=Sales,OU=Group Policy OU,DC=pompeii15,DC=net"
Robert,Phillips,aGei7quie,rphillips,"OU=Sales,OU=Group Policy OU,DC=pompeii15,DC=net"
Rodney,Potter,muahiangooV8,rpotter,"OU=Sales,OU=Group Policy OU,DC=pompeii15,DC=net"
Reynaldo,Ramirez,EeHohje5aip,rramirez,"OU=Sales,OU=Group Policy OU,DC=pompeii15,DC=net"
Rosanna,Riley,Niek6UbohJ,rriley,"OU=Sales,OU=Group Policy OU,DC=pompeii15,DC=net"
Robert,Robison,AeguoWia9,rrobison,"OU=Sales,OU=Group Policy OU,DC=pompeii15,DC=net"
Randy,Robles,eC4xu1aboh,rrobles,"OU=Sales,OU=Group Policy OU,DC=pompeii15,DC=net"
Robert,Rocha,too6Ohthie,rrocha,"OU=Sales,OU=Group Policy OU,DC=pompeii15,DC=net"
Ruby,Rolling,goong1Ohgh,rrolling,"OU=Sales,OU=Group Policy OU,DC=pompeii15,DC=net"
Rose,Rubio,Oochoocho4,rrubio,"OU=Sales,OU=Group Policy OU,DC=pompeii15,DC=net"
"ROU=IT,OU=Group Policy OU,DC=pompeii15,DC=neta",Russo,Ahf4me8orae,rrusso,"OU=Sales,OU=Group Policy OU,DC=pompeii15,DC=net"
Rose,Scholl,Hanoobah6rae,rscholl,"OU=Sales,OU=Group Policy OU,DC=pompeii15,DC=net"
Rebecca,Simmons,poh8Aetohjoh,rsimmons,"OU=Sales,OU=Group Policy OU,DC=pompeii15,DC=net"
Rochelle,"SmOU=IT,OU=Group Policy OU,DC=pompeii15,DC=neth",Vaah4me7U,"rsmOU=IT,OU=Group Policy OU,DC=pompeii15,DC=neth","OU=Sales,OU=Group Policy OU,DC=pompeii15,DC=net"
Rhonda,Somers,EkaNgaeth5,rsomers,"OU=Sales,OU=Group Policy OU,DC=pompeii15,DC=net"
Rodney,Thomas,ahboo7aiNee,rthomas,"OU=Sales,OU=Group Policy OU,DC=pompeii15,DC=net"
Robert,Vega,Eiw0quohjae,rvega,"OU=Sales,OU=Group Policy OU,DC=pompeii15,DC=net"
Robert,Ward,ioPhahlahj2eu,rward,"OU=Sales,OU=Group Policy OU,DC=pompeii15,DC=net"
Robert,Watkins,oRah1eJ8X,rwatkins,"OU=Sales,OU=Group Policy OU,DC=pompeii15,DC=net"
Rose,Welch,moaH2loh,rwelch,"OU=Sales,OU=Group Policy OU,DC=pompeii15,DC=net"
Robert,Wilkinson,ka2Nu6ee,rwilkinson,"OU=Sales,OU=Group Policy OU,DC=pompeii15,DC=net"
Richard,Williams,oopae2Phais,rwilliams,"OU=Sales,OU=Group Policy OU,DC=pompeii15,DC=net"
Robert,Zehnder,Oog7doo1un,rzehnder,"OU=Sales,OU=Group Policy OU,DC=pompeii15,DC=net"
Sandra,Allard,eoCes8ah,sallard,"OU=Sales,OU=Group Policy OU,DC=pompeii15,DC=net"
Steven,Alling,jah2bo6Phee,salling,"OU=Sales,OU=Group Policy OU,DC=pompeii15,DC=net"
Steven,Anding,Ahngoo8ooh,sanding,"OU=Sales,OU=Group Policy OU,DC=pompeii15,DC=net"
Scotty,Anthony,choo3mahG,santhony,"OU=Sales,OU=Group Policy OU,DC=pompeii15,DC=net"
Sidney,Bailey,oa4xu5peeL,sbailey,"OU=Sales,OU=Group Policy OU,DC=pompeii15,DC=net"
Stacey,Beauvais,nie3ahgeQu,sbeauvais,"OU=Sales,OU=Group Policy OU,DC=pompeii15,DC=net"
Sheila,Biggs,niig2aiV4Ai,sbiggs,"OU=Sales,OU=Group Policy OU,DC=pompeii15,DC=net"
Shawna,Blanco,oos9Quahch,sblanco,"OU=Sales,OU=Group Policy OU,DC=pompeii15,DC=net"
Silvia,Blount,waedohThe8a,sblount,"OU=Sales,OU=Group Policy OU,DC=pompeii15,DC=net"
Susie,Bowman,EKa7aexie,sbowman,"OU=Sales,OU=Group Policy OU,DC=pompeii15,DC=net"
Sara,Bracy,zu3wo5mohH3,sbracy,"OU=Sales,OU=Group Policy OU,DC=pompeii15,DC=net"
Stephanie,Brown,zahwooD2nui,sbrown,"OU=Sales,OU=Group Policy OU,DC=pompeii15,DC=net"
Sarah,Bundy,ceeThud6Ae,sbundy,"OU=Sales,OU=Group Policy OU,DC=pompeii15,DC=net"
Samual,Calton,yeiWeeK3pu,scalton,"OU=Sales,OU=Group Policy OU,DC=pompeii15,DC=net"
Steven,Choi,im6Fae9iena,schoi,"OU=Sales,OU=Group Policy OU,DC=pompeii15,DC=net"
Sharon,Coleman,"OOU=HR,OU=Group Policy OU,DC=pompeii15,DC=net1eech",scoleman,"OU=Sales,OU=Group Policy OU,DC=pompeii15,DC=net"
Stephen,Colon,tiemei1Kee,scolon,"OU=Sales,OU=Group Policy OU,DC=pompeii15,DC=net"
Shelia,Cude,zoh0ahp4iV,scude,"OU=Sales,OU=Group Policy OU,DC=pompeii15,DC=net"
Scott,Cyr,hahV2ae6qua,scyr,"OU=Sales,OU=Group Policy OU,DC=pompeii15,DC=net"
Summer,Davidson,Eeng5iecoh1,sdavidson,"OU=Sales,OU=Group Policy OU,DC=pompeii15,DC=net"
Sara,Diaz,wae3EeNai1,sdiaz,"OU=Sales,OU=Group Policy OU,DC=pompeii15,DC=net"
Steven,Dixon,rain2ooyiZ5,sdixon,"OU=Sales,OU=Group Policy OU,DC=pompeii15,DC=net"
Sandra,Dobson,ieb0Epeich,sdobson,"OU=Sales,OU=Group Policy OU,DC=pompeii15,DC=net"
Sally,Dominguez,eeGh4zex0,sdominguez,"OU=Sales,OU=Group Policy OU,DC=pompeii15,DC=net"
Sandra,Dry,oLoo3ohVoo,sdry,"OU=Sales,OU=Group Policy OU,DC=pompeii15,DC=net"
Sally,Eugene,Ohs1shutur,seugene,"OU=HR,OU=Group Policy OU,DC=pompeii15,DC=net"
Sandy,Farrell,ugai3ohZie,sfarrell,"OU=HR,OU=Group Policy OU,DC=pompeii15,DC=net"
Stella,Forsyth,gae8quoSh,sforsyth,"OU=HR,OU=Group Policy OU,DC=pompeii15,DC=net"
Scott,Galusha,ehohl9Ke,sgalusha,"OU=HR,OU=Group Policy OU,DC=pompeii15,DC=net"
Sherrie,Goings,raek2xiPei,sgoings,"OU=HR,OU=Group Policy OU,DC=pompeii15,DC=net"
Sabrina,Good,iYa5Chei,sgood,"OU=HR,OU=Group Policy OU,DC=pompeii15,DC=net"
Suzanne,Gutierrez,aeShimai7ch,sgutierrez,"OU=HR,OU=Group Policy OU,DC=pompeii15,DC=net"
Scott,Haggins,eiX2ohph,shaggins,"OU=HR,OU=Group Policy OU,DC=pompeii15,DC=net"
Santa,Hickman,chee8aeRei,shickman,"OU=HR,OU=Group Policy OU,DC=pompeii15,DC=net"
Sue,Hocker,meiGh8dei,shocker,"OU=HR,OU=Group Policy OU,DC=pompeii15,DC=net"
Steve,Holder,az2Taisieph,sholder,"OU=HR,OU=Group Policy OU,DC=pompeii15,DC=net"
Shannon,Hollins,iengeiHei0O,shollins,"OU=HR,OU=Group Policy OU,DC=pompeii15,DC=net"
Samuel,Jackson,ezoocho4Kae,sjackson,"OU=HR,OU=Group Policy OU,DC=pompeii15,DC=net"
Sara,James,"eOU=IT,OU=Group Policy OU,DC=pompeii15,DC=neth1aeg8Ep",sjames,"OU=HR,OU=Group Policy OU,DC=pompeii15,DC=net"
Stephen,Jeffers,Xiec5laif,sjeffers,"OU=HR,OU=Group Policy OU,DC=pompeii15,DC=net"
Sarah,Johnson,beetheic1N,sjohnson,"OU=HR,OU=Group Policy OU,DC=pompeii15,DC=net"
Sharon,Jones,jooLae9hoo,sjones,"OU=HR,OU=Group Policy OU,DC=pompeii15,DC=net"
Stacy,Kaye,eiZai0Goo,skaye,"OU=HR,OU=Group Policy OU,DC=pompeii15,DC=net"
Shannon,Kerstetter,Quuquae4x,skerstette,"OU=HR,OU=Group Policy OU,DC=pompeii15,DC=net"
Sherry,Kramer,haiG3hah2z,skramer,"OU=HR,OU=Group Policy OU,DC=pompeii15,DC=net"
Sonya,Kuykendall,quee3eiD9auc,skuykendal,"OU=HR,OU=Group Policy OU,DC=pompeii15,DC=net"
Solomon,Kwan,"OU=IT,OU=Group Policy OU,DC=pompeii15,DC=neth5ailaeT",skwan,"OU=HR,OU=Group Policy OU,DC=pompeii15,DC=net"
Spencer,Lavergne,oa7eeBaej,slavergne,"OU=HR,OU=Group Policy OU,DC=pompeii15,DC=net"
Sally,Lazar,asie3Aghoh,slazar,"OU=HR,OU=Group Policy OU,DC=pompeii15,DC=net"
Stephen,Lee,AeCe8ahl0Un,slee,"OU=HR,OU=Group Policy OU,DC=pompeii15,DC=net"
Sally,Lehman,othihiK1p,slehman,"OU=HR,OU=Group Policy OU,DC=pompeii15,DC=net"
Sheri,Martin,zai7chei0Sa,smartin,"OU=HR,OU=Group Policy OU,DC=pompeii15,DC=net"
Sheri,McNeeley,Ung2OhZee,smcneeley,"OU=HR,OU=Group Policy OU,DC=pompeii15,DC=net"
Stacia,Miles,xaegh9Sie,smiles,"OU=HR,OU=Group Policy OU,DC=pompeii15,DC=net"
Samira,Ogle,aedoo5Ahgh,sogle,"OU=HR,OU=Group Policy OU,DC=pompeii15,DC=net"
Sudie,Olson,hi2Lahp9ooB,solson,"OU=HR,OU=Group Policy OU,DC=pompeii15,DC=net"
Stephanie,Orourke,aighu6Ceiw,sorourke,"OU=HR,OU=Group Policy OU,DC=pompeii15,DC=net"
Sandra,Otto,ah2quaum6Aeke,sotto,"OU=HR,OU=Group Policy OU,DC=pompeii15,DC=net"
"SerOU=IT,OU=Group Policy OU,DC=pompeii15,DC=neta",Peppers,Fa0cahdiihoo,speppers,"OU=HR,OU=Group Policy OU,DC=pompeii15,DC=net"
Stephanie,Peterson,cahvohLaez2ae,speterson,"OU=HR,OU=Group Policy OU,DC=pompeii15,DC=net"
Susan,Rodriguez,nohCh4wee,srodriguez,"OU=HR,OU=Group Policy OU,DC=pompeii15,DC=net"
Sterling,Roldan,zah6aCh3Ung,sroldan,"OU=HR,OU=Group Policy OU,DC=pompeii15,DC=net"
Stephen,Sam,"Eegeu7keOU=IT,OU=Group Policy OU,DC=pompeii15,DC=neth",ssam,"OU=HR,OU=Group Policy OU,DC=pompeii15,DC=net"
Samuel,Shea,aeLae4Joh2t,sshea,"OU=HR,OU=Group Policy OU,DC=pompeii15,DC=net"
Shiela,Slayton,weoqu1eV7,sslayton,"OU=HR,OU=Group Policy OU,DC=pompeii15,DC=net"
Stephen,Sluder,tahLielie2,ssluder,"OU=HR,OU=Group Policy OU,DC=pompeii15,DC=net"
Sandra,Snedeker,ci4iCie0,ssnedeker,"OU=HR,OU=Group Policy OU,DC=pompeii15,DC=net"
Sandra,Sturm,kodie3ieTh,ssturm,"OU=HR,OU=Group Policy OU,DC=pompeii15,DC=net"
Sheena,Sullivan,Ahvei6su0k,ssullivan,"OU=HR,OU=Group Policy OU,DC=pompeii15,DC=net"
Selma,Teston,Ziepiu5ui,steston,"OU=HR,OU=Group Policy OU,DC=pompeii15,DC=net"
Steve,Underwood,eele3juNah,sunderwood,"OU=HR,OU=Group Policy OU,DC=pompeii15,DC=net"
Sue,Vance,ough1OhThai,svance,"OU=HR,OU=Group Policy OU,DC=pompeii15,DC=net"
Silvia,Varney,ooChoo0A,svarney,"OU=HR,OU=Group Policy OU,DC=pompeii15,DC=net"
Sondra,Wason,sha3aghoNg,swason,"OU=HR,OU=Group Policy OU,DC=pompeii15,DC=net"
Sarah,Weakley,hooVah3zo0,sweakley,"OU=HR,OU=Group Policy OU,DC=pompeii15,DC=net"
Stephen,Weatherford,maiphaeW2R,sweatherfo,"OU=HR,OU=Group Policy OU,DC=pompeii15,DC=net"
Stephen,"WhOU=IT,OU=Group Policy OU,DC=pompeii15,DC=nete",Euneey5Uzei,"swhOU=IT,OU=Group Policy OU,DC=pompeii15,DC=nete","OU=HR,OU=Group Policy OU,DC=pompeii15,DC=net"
Susan,Wilkins,ohgie0Oor,swilkins,"OU=HR,OU=Group Policy OU,DC=pompeii15,DC=net"
Sherman,Williams,yaisha4Ohh,swilliams,"OU=HR,OU=Group Policy OU,DC=pompeii15,DC=net"
Sandra,Wyatt,eer5Ceiyahz,swyatt,"OU=HR,OU=Group Policy OU,DC=pompeii15,DC=net"
Sarah,Young,oxooSa3Vie,syoung,"OU=HR,OU=Group Policy OU,DC=pompeii15,DC=net"
Thomas,Adair,aPhiqu0Poh,tadair,"OU=HR,OU=Group Policy OU,DC=pompeii15,DC=net"
Troy,Arnold,iechie7Uez,tarnold,"OU=HR,OU=Group Policy OU,DC=pompeii15,DC=net"
Todd,Ault,thooYein5,tault,"OU=HR,OU=Group Policy OU,DC=pompeii15,DC=net"
Tom,Badillo,ohGu6aqu0vai,tbadillo,"OU=HR,OU=Group Policy OU,DC=pompeii15,DC=net"
Todd,Baillargeon,ra5Dai2Zo,tbaillarge,"OU=HR,OU=Group Policy OU,DC=pompeii15,DC=net"
Tisha,Bright,Meeyu5eichoh,tbright,"OU=HR,OU=Group Policy OU,DC=pompeii15,DC=net"
Tressie,Bush,Thaish4w,tbush,"OU=HR,OU=Group Policy OU,DC=pompeii15,DC=net"
Thomas,Carter,Ahy9aluam,tcarter,"OU=HR,OU=Group Policy OU,DC=pompeii15,DC=net"
Teresa,Chan,eengoo2Ud3oo,tchan,"OU=HR,OU=Group Policy OU,DC=pompeii15,DC=net"
Theresa,Clemente,uqu1Iec4aib,tclemente,"OU=HR,OU=Group Policy OU,DC=pompeii15,DC=net"
Thomas,Couey,NahF7weef9z,tcouey,"OU=HR,OU=Group Policy OU,DC=pompeii15,DC=net"
Tommy,Cross,eeDil1ohnga,tcross,"OU=HR,OU=Group Policy OU,DC=pompeii15,DC=net"
Thomas,Dangerfield,zei7Thahsh8,tdangerfie,"OU=HR,OU=Group Policy OU,DC=pompeii15,DC=net"
Thomas,Gard,ejaeGi5oh,tgard,"OU=HR,OU=Group Policy OU,DC=pompeii15,DC=net"
Travis,Gray,ichi2Axol,tgray,"OU=HR,OU=Group Policy OU,DC=pompeii15,DC=net"
Therese,Griffin,di9ielohB,tgriffin,"OU=HR,OU=Group Policy OU,DC=pompeii15,DC=net"
Terrence,Hazel,ooh3Recowiep,thazel,"OU=HR,OU=Group Policy OU,DC=pompeii15,DC=net"
Tracey,Hill,"OOU=HR,OU=Group Policy OU,DC=pompeii15,DC=neteeho9",thill,"OU=HR,OU=Group Policy OU,DC=pompeii15,DC=net"
Timothy,Holloway,teewee4Ie,tholloway,"OU=HR,OU=Group Policy OU,DC=pompeii15,DC=net"
Tommie,Hughes,uf5Yix6g,thughes,"OU=HR,OU=Group Policy OU,DC=pompeii15,DC=net"
Thomas,"HumpOU=HR,OU=Group Policy OU,DC=pompeii15,DC=neteys",Ohhah3eis1Ei,"thumpOU=HR,OU=Group Policy OU,DC=pompeii15,DC=neteys","OU=HR,OU=Group Policy OU,DC=pompeii15,DC=net"
Thomas,Hutchins,Jeengu3di6ch,thutchins,"OU=HR,OU=Group Policy OU,DC=pompeii15,DC=net"
Terry,Kirkland,AeDoo6pahfai,tkirkland,"OU=HR,OU=Group Policy OU,DC=pompeii15,DC=net"
Tony,Knapp,Ahzohn7a,tknapp,"OU=HR,OU=Group Policy OU,DC=pompeii15,DC=net"
Tracey,Lutz,Maedibai1,tlutz,"OU=HR,OU=Group Policy OU,DC=pompeii15,DC=net"
Timothy,Martinez,Ahlaid3ua,tmartinez,"OU=HR,OU=Group Policy OU,DC=pompeii15,DC=net"
Teresa,Martone,ooVah1ahs6,tmartone,"OU=HR,OU=Group Policy OU,DC=pompeii15,DC=net"
Terry,McFarland,Dahng9nu,tmcfarland,"OU=HR,OU=Group Policy OU,DC=pompeii15,DC=net"
Tonya,Mercier,"aOU=HR,OU=Group Policy OU,DC=pompeii15,DC=netiele9",tmercier,"OU=HR,OU=Group Policy OU,DC=pompeii15,DC=net"
Travis,"MoOU=HR,OU=Group Policy OU,DC=pompeii15,DC=net",EHahw0pailoo,"tmoOU=HR,OU=Group Policy OU,DC=pompeii15,DC=net","OU=HR,OU=Group Policy OU,DC=pompeii15,DC=net"
Timothy,Munford,geiVa7ookae,tmunford,"OU=HR,OU=Group Policy OU,DC=pompeii15,DC=net"
Theresa,Norton,Zi1eik6kee,tnorton,"OU=HR,OU=Group Policy OU,DC=pompeii15,DC=net"
Tammy,Oconnell,neiw0Xawo,toconnell,"OU=HR,OU=Group Policy OU,DC=pompeii15,DC=net"
Thomas,Perry,hahd2Ohzoi,tperry,"OU=HR,OU=Group Policy OU,DC=pompeii15,DC=net"
Timothy,Richter,aequiey1Shu,trichter,"OU=HR,OU=Group Policy OU,DC=pompeii15,DC=net"
Troy,Robertson,"oOU=HR,OU=Group Policy OU,DC=pompeii15,DC=netaiB1MOU=IT,OU=Group Policy OU,DC=pompeii15,DC=neth",trobertson,"OU=HR,OU=Group Policy OU,DC=pompeii15,DC=net"
Tameka,Rodriguez,Yoow2eiPae,trodriguez,"OU=HR,OU=Group Policy OU,DC=pompeii15,DC=net"
Timothy,Rogers,aiwiu8iKee,trogers,"OU=HR,OU=Group Policy OU,DC=pompeii15,DC=net"
Theresa,Schlenker,zoh7eehiZoh,tschlenker,"OU=HR,OU=Group Policy OU,DC=pompeii15,DC=net"
Tommy,"SmOU=IT,OU=Group Policy OU,DC=pompeii15,DC=neth",thie9Kiid,"tsmOU=IT,OU=Group Policy OU,DC=pompeii15,DC=neth","OU=HR,OU=Group Policy OU,DC=pompeii15,DC=net"
Therese,Spain,ei5Eenirie,tspain,"OU=HR,OU=Group Policy OU,DC=pompeii15,DC=net"
Timothy,Taylor,phe7xoSong,ttaylor,"OU=HR,OU=Group Policy OU,DC=pompeii15,DC=net"
Timothy,Troncoso,oguaY2aehee,ttroncoso,"OU=HR,OU=Group Policy OU,DC=pompeii15,DC=net"
Trisha,Weise,quaezuqu6Hie,tweise,"OU=HR,OU=Group Policy OU,DC=pompeii15,DC=net"
Teresa,"WhOU=IT,OU=Group Policy OU,DC=pompeii15,DC=nete",quie2iLoo8oo,"twhOU=IT,OU=Group Policy OU,DC=pompeii15,DC=nete","OU=HR,OU=Group Policy OU,DC=pompeii15,DC=net"
Tony,"WhOU=IT,OU=Group Policy OU,DC=pompeii15,DC=netten",Boo7Sutef8,"twhOU=IT,OU=Group Policy OU,DC=pompeii15,DC=netten","OU=HR,OU=Group Policy OU,DC=pompeii15,DC=net"
Thomas,Wilson,ahluphi4U,twilson,"OU=HR,OU=Group Policy OU,DC=pompeii15,DC=net"
Thomas,Wright,OoR1sa4exoo,twright,"OU=HR,OU=Group Policy OU,DC=pompeii15,DC=net"
Tracy,Yeager,aequ5aiC3ei,tyeager,"OU=HR,OU=Group Policy OU,DC=pompeii15,DC=net"
Trent,Young,Hi6ooch4E,tyoung,"OU=HR,OU=Group Policy OU,DC=pompeii15,DC=net"
Ulysses,Jenkins,saeFae0ahQui,ujenkins,"OU=HR,OU=Group Policy OU,DC=pompeii15,DC=net"
Velda,Adams,EiH1iaph,vadams,"OU=HR,OU=Group Policy OU,DC=pompeii15,DC=net"
Vicki,Archie,eiRooGhet9,varchie,"OU=HR,OU=Group Policy OU,DC=pompeii15,DC=net"
Vickie,Bennett,LooZeid2Oh,vbennett,"OU=HR,OU=Group Policy OU,DC=pompeii15,DC=net"
Vivian,Brand,Pushugij5tah,vbrand,"OU=HR,OU=Group Policy OU,DC=pompeii15,DC=net"
Virgil,Curtis,Tai4eish,vcurtis,"OU=HR,OU=Group Policy OU,DC=pompeii15,DC=net"
Vivian,Eskridge,shetuW6eek6,veskridge,"OU=HR,OU=Group Policy OU,DC=pompeii15,DC=net"
Valeria,"EsposOU=IT,OU=Group Policy OU,DC=pompeii15,DC=neto",Gohshoh4O,"vesposOU=IT,OU=Group Policy OU,DC=pompeii15,DC=neto","OU=HR,OU=Group Policy OU,DC=pompeii15,DC=net"
Victoria,Kennedy,aeW2Osoot,vkennedy,"OU=HR,OU=Group Policy OU,DC=pompeii15,DC=net"
Vanessa,Levin,eShi2Peing,vlevin,"OU=HR,OU=Group Policy OU,DC=pompeii15,DC=net"
Violet,Maine,Pud2Jek8th,vmaine,"OU=HR,OU=Group Policy OU,DC=pompeii15,DC=net"
Vicente,Malone,Meephau3L,vmalone,"OU=HR,OU=Group Policy OU,DC=pompeii15,DC=net"
Vincent,McIntyre,zahWei2So,vmcintyre,"OU=HR,OU=Group Policy OU,DC=pompeii15,DC=net"
Vicente,Medford,chahmei1toS,vmedford,"OU=HR,OU=Group Policy OU,DC=pompeii15,DC=net"
Vertie,Quillen,Thesh5baiph,vquillen,"OU=HR,OU=Group Policy OU,DC=pompeii15,DC=net"
Victor,Ward,rahnee7oW,vward,"OU=HR,OU=Group Policy OU,DC=pompeii15,DC=net"
Veronica,Winchester,Veebecai7ee,vwincheste,"OU=HR,OU=Group Policy OU,DC=pompeii15,DC=net"
Walter,Becker,aiSingie2ish,wbecker,"OU=HR,OU=Group Policy OU,DC=pompeii15,DC=net"
Wayne,Breaux,UWeeshaeng0,wbreaux,"OU=HR,OU=Group Policy OU,DC=pompeii15,DC=net"
William,Brewer,mie9pie7uZui,wbrewer,"OU=HR,OU=Group Policy OU,DC=pompeii15,DC=net"
William,Charlton,"Chatiw3eOU=IT,OU=Group Policy OU,DC=pompeii15,DC=netae",wcharlton,"OU=HR,OU=Group Policy OU,DC=pompeii15,DC=net"
Wilma,Clark,Shairah9,wclark,"OU=HR,OU=Group Policy OU,DC=pompeii15,DC=net"
William,Crow,hieL8oozeSh,wcrow,"OU=HR,OU=Group Policy OU,DC=pompeii15,DC=net"
Willis,Davis,iengaeNg5oh,wdavis,"OU=HR,OU=Group Policy OU,DC=pompeii15,DC=net"
William,Doss,Pho8goay7E,wdoss,"OU=HR,OU=Group Policy OU,DC=pompeii15,DC=net"
William,Dunavant,Thohgoona1,wdunavant,"OU=HR,OU=Group Policy OU,DC=pompeii15,DC=net"
Walter,Ferrell,sufi9aiNg0,wferrell,"OU=HR,OU=Group Policy OU,DC=pompeii15,DC=net"
William,Forbis,ooCa4eu6K,wforbis,"OU=HR,OU=Group Policy OU,DC=pompeii15,DC=net"
William,"GriffOU=IT,OU=Group Policy OU,DC=pompeii15,DC=neth",Oor2Eiveet,"wgriffOU=IT,OU=Group Policy OU,DC=pompeii15,DC=neth","OU=HR,OU=Group Policy OU,DC=pompeii15,DC=net"
William,Hernandez,Vae6vingaev,whernandez,"OU=HR,OU=Group Policy OU,DC=pompeii15,DC=net"
Winifred,Johnson,Oht1she8ee,wjohnson,"OU=HR,OU=Group Policy OU,DC=pompeii15,DC=net"
William,Kahl,Ocah9pae,wkahl,"OU=HR,OU=Group Policy OU,DC=pompeii15,DC=net"
Wayne,McLain,sa1eeN3b,wmclain,"OU=HR,OU=Group Policy OU,DC=pompeii15,DC=net"
William,Richardson,uolohQuae8Ei,wrichardso,"OU=HR,OU=Group Policy OU,DC=pompeii15,DC=net"
Wilson,Robbins,Kaakul0k,wrobbins,"OU=HR,OU=Group Policy OU,DC=pompeii15,DC=net"
William,Rogers,Aikun8aV4ie,wrogers,"OU=HR,OU=Group Policy OU,DC=pompeii15,DC=net"
Wendy,Samuel,Pho5equa5oo,wsamuel,"OU=HR,OU=Group Policy OU,DC=pompeii15,DC=net"
William,Santiago,Ohphue1aish,wsantiago,"OU=HR,OU=Group Policy OU,DC=pompeii15,DC=net"
William,Scott,AeT7chohd,wscott,"OU=HR,OU=Group Policy OU,DC=pompeii15,DC=net"
Willia,Templeton,rooshoh0Ee,wtempleton,"OU=HR,OU=Group Policy OU,DC=pompeii15,DC=net"
Will,Towers,kae5phieH8,wtowers,"OU=HR,OU=Group Policy OU,DC=pompeii15,DC=net"
William,Trotter,quoo5OoHo,wtrotter,"OU=HR,OU=Group Policy OU,DC=pompeii15,DC=net"
Wayne,Vinson,Chieshei3Thae,wvinson,"OU=HR,OU=Group Policy OU,DC=pompeii15,DC=net"
Wayne,Waller,ooDoong8pi4,wwaller,"OU=HR,OU=Group Policy OU,DC=pompeii15,DC=net"
Walter,Warthen,jie9ohS5xae,wwarthen,"OU=HR,OU=Group Policy OU,DC=pompeii15,DC=net"
Wendi,"WilhoOU=IT,OU=Group Policy OU,DC=pompeii15,DC=net",aic8Ucec7,"wwilhoOU=IT,OU=Group Policy OU,DC=pompeii15,DC=net","OU=HR,OU=Group Policy OU,DC=pompeii15,DC=net"
Wanda,Williams,ohjei3pai6Oo,wwilliams,"OU=HR,OU=Group Policy OU,DC=pompeii15,DC=net"
William,Wilson,Jai1ohy9Ee,wwilson,"OU=HR,OU=Group Policy OU,DC=pompeii15,DC=net"
Yoshiko,Atwood,cohw1zeL8,yatwood,"OU=HR,OU=Group Policy OU,DC=pompeii15,DC=net"
Young,Glass,chuc8Vozo,yglass,"OU=HR,OU=Group Policy OU,DC=pompeii15,DC=net"
Yvette,McKinney,Ahl8Ujeng,ymckinney,"OU=HR,OU=Group Policy OU,DC=pompeii15,DC=net"
Yvonne,Moran,aj4iXaedo,ymoran,"OU=HR,OU=Group Policy OU,DC=pompeii15,DC=net"
Zachary,Hillis,XaiRie6hahm,zhillis,"OU=HR,OU=Group Policy OU,DC=pompeii15,DC=net"
